ElementKey,ModelId,GlobalId,ExpressId,IfcClass,Name,Description,ObjectType,PredefinedType,TypeName,Function,Materials,HasRepresentation
nds-main-v01|15R2xC1i5CVOPBg_r3VJyb,nds-main-v01,15R2xC1i5CVOPBg_r3VJyb,2737,IfcBuildingElementProxy,H,,,NOTDEFINED,DŘEVO,BYDLENÍ,DŘEVO,True
nds-main-v01|0hJc5rDPjDZf2_sFJWyH6D,nds-main-v01,0hJc5rDPjDZf2_sFJWyH6D,2813,IfcBuildingElementProxy,E,,,NOTDEFINED,DŘEVO,RETAIL,DŘEVO,True
nds-main-v01|28Mt1DMdPCbOr$2IatGuQS,nds-main-v01,28Mt1DMdPCbOr$2IatGuQS,2826,IfcBuildingElementProxy,I,,,NOTDEFINED,DŘEVO,RETAIL,DŘEVO,True
nds-main-v01|2hsgaBOvbDoP$BSWaQXw2X,nds-main-v01,2hsgaBOvbDoP$BSWaQXw2X,2977,IfcBuildingElementProxy,Etapa 1,,,NOTDEFINED,DŘEVO,RETAIL,DŘEVO,True
nds-main-v01|00F23UPWX53vKEfL4fTQXq,nds-main-v01,00F23UPWX53vKEfL4fTQXq,3004,IfcBuildingElementProxy,E,,,NOTDEFINED,DŘEVO,VZDĚLÁVÁNÍ A KULTURA,DŘEVO,True
nds-main-v01|3pElXha1j3OutoATt5A9vK,nds-main-v01,3pElXha1j3OutoATt5A9vK,3150,IfcBuildingElementProxy,F,,,NOTDEFINED,DŘEVO,BYDLENÍ,DŘEVO,True
nds-main-v01|0B3pm_5GHBbxi1t7hjliUV,nds-main-v01,0B3pm_5GHBbxi1t7hjliUV,3197,IfcBuildingElementProxy,E,,,NOTDEFINED,DŘEVO,BYDLENÍ,DŘEVO,True
nds-main-v01|1EgasiXh5EJwIVxzfy9U0k,nds-main-v01,1EgasiXh5EJwIVxzfy9U0k,3222,IfcBuildingElementProxy,E,,,NOTDEFINED,DŘEVO,BYDLENÍ,DŘEVO,True
nds-main-v01|1uTldYPBX2u8rM3KR8kaUY,nds-main-v01,1uTldYPBX2u8rM3KR8kaUY,3262,IfcBuildingElementProxy,B,,,NOTDEFINED,DŘEVO,BYDLENÍ,DŘEVO,True
nds-main-v01|0PIJPuiRvC9e23BljAzBOL,nds-main-v01,0PIJPuiRvC9e23BljAzBOL,3286,IfcBuildingElementProxy,E,,,NOTDEFINED,DŘEVO,BYDLENÍ,DŘEVO,True
nds-main-v01|176e9AtSXDRwkAVCbhjGna,nds-main-v01,176e9AtSXDRwkAVCbhjGna,3348,IfcBuildingElementProxy,Etapa 2,,,NOTDEFINED,DŘEVO,BYDLENÍ,DŘEVO,True
nds-main-v01|0a0fURQAXCIPluH4Lr_LIg,nds-main-v01,0a0fURQAXCIPluH4Lr_LIg,3468,IfcBuildingElementProxy,B,,,NOTDEFINED,GENERIC - STRUCTURAL,BYDLENÍ,GENERIC - STRUCTURAL,True
nds-main-v01|1NtvSZ7dnBRPUPMU9l7GaU,nds-main-v01,1NtvSZ7dnBRPUPMU9l7GaU,3477,IfcBuildingElementProxy,B,,,NOTDEFINED,GENERIC - STRUCTURAL,BYDLENÍ,GENERIC - STRUCTURAL,True
nds-main-v01|0WOYOtvaT5jgZcRO3Vf38l,nds-main-v01,0WOYOtvaT5jgZcRO3Vf38l,3489,IfcBuildingElementProxy,J,,,NOTDEFINED,GENERIC - STRUCTURAL,,GENERIC - STRUCTURAL,True
nds-main-v01|0JVusEp7vCzA7r3MGEOq_7,nds-main-v01,0JVusEp7vCzA7r3MGEOq_7,3728,IfcBuildingElementProxy,E,,,NOTDEFINED,DŘEVO,BYDLENÍ,DŘEVO,True
nds-main-v01|0BHcUOU4nDhfMWUyM3pJMV,nds-main-v01,0BHcUOU4nDhfMWUyM3pJMV,4591,IfcBuildingElementProxy,K,,,NOTDEFINED,DŘEVO,RETAIL,DŘEVO,True
nds-main-v01|1iv$FuXp5CtvckYJoW4Ik$,nds-main-v01,1iv$FuXp5CtvckYJoW4Ik$,4794,IfcBuildingElementProxy,B,,,NOTDEFINED,GENERIC - STRUCTURAL,,GENERIC - STRUCTURAL,True
nds-main-v01|0n5zDNi5vDLuxgMzyu$gcE,nds-main-v01,0n5zDNi5vDLuxgMzyu$gcE,4917,IfcBuildingElementProxy,C,,,NOTDEFINED,DŘEVO,BYDLENÍ,DŘEVO,True
nds-main-v01|2kAB4o9dL0vOhe_yPKYiqk,nds-main-v01,2kAB4o9dL0vOhe_yPKYiqk,4963,IfcBuildingElementProxy,D,,,NOTDEFINED,DŘEVO,BYDLENÍ,DŘEVO,True
nds-main-v01|1VvOAgDlnBTxZJdpYXKfY8,nds-main-v01,1VvOAgDlnBTxZJdpYXKfY8,5479,IfcBuildingElementProxy,G,,,NOTDEFINED,GENERIC - STRUCTURAL,VZDĚLÁVÁNÍ A KULTURA,GENERIC - STRUCTURAL,True
nds-main-v01|35_O9ed758sAF1I1ZtMcDk,nds-main-v01,35_O9ed758sAF1I1ZtMcDk,5831,IfcBuildingElementProxy,H,,,NOTDEFINED,Glass,,Glass,True
nds-main-v01|2v4rrCJXfCEgIpvlPYXdub,nds-main-v01,2v4rrCJXfCEgIpvlPYXdub,5840,IfcBuildingElementProxy,F,,,NOTDEFINED,GENERIC - STRUCTURAL,,GENERIC - STRUCTURAL,True
nds-main-v01|0zXd_OmV98jPctsFH3RuI9,nds-main-v01,0zXd_OmV98jPctsFH3RuI9,5849,IfcBuildingElementProxy,F,,,NOTDEFINED,GENERIC - STRUCTURAL,,GENERIC - STRUCTURAL,True
nds-main-v01|06YvBmqdD0DwUXuMLkhmWm,nds-main-v01,06YvBmqdD0DwUXuMLkhmWm,5863,IfcBuildingElementProxy,H,,,NOTDEFINED,GENERIC - STRUCTURAL,,GENERIC - STRUCTURAL,True
nds-main-v01|3OMUgyuX14oRMcbjoPR7c3,nds-main-v01,3OMUgyuX14oRMcbjoPR7c3,5872,IfcBuildingElementProxy,F,,,NOTDEFINED,GENERIC - STRUCTURAL,,GENERIC - STRUCTURAL,True
nds-main-v01|1hYDURxm1BZPZOvCt77z_l,nds-main-v01,1hYDURxm1BZPZOvCt77z_l,5881,IfcBuildingElementProxy,F,,,NOTDEFINED,GENERIC - STRUCTURAL,,GENERIC - STRUCTURAL,True
nds-main-v01|0LvOw9kgn9CAJxOSZ2a$OY,nds-main-v01,0LvOw9kgn9CAJxOSZ2a$OY,5908,IfcBuildingElementProxy,H,,,NOTDEFINED,Glass,,Glass,True
nds-main-v01|1wibo47MP6WxWJSXDKOgTu,nds-main-v01,1wibo47MP6WxWJSXDKOgTu,5899,IfcBuildingElementProxy,J,,,NOTDEFINED,GENERIC - STRUCTURAL,,GENERIC - STRUCTURAL,True
nds-main-v01|012FEGLqH2uw$UIC_Q5sZn,nds-main-v01,012FEGLqH2uw$UIC_Q5sZn,5890,IfcBuildingElementProxy,H,,,NOTDEFINED,GENERIC - STRUCTURAL,,GENERIC - STRUCTURAL,True
nds-main-v01|37_lRnn4D6Sv2jAM$Slaxy,nds-main-v01,37_lRnn4D6Sv2jAM$Slaxy,5937,IfcBuildingElementProxy,K,,,NOTDEFINED,GENERIC - STRUCTURAL,,GENERIC - STRUCTURAL,True
nds-main-v01|3Row_Sr5PCuApOo0tu8bs1,nds-main-v01,3Row_Sr5PCuApOo0tu8bs1,5948,IfcBuildingElementProxy,J,,,NOTDEFINED,GENERIC - STRUCTURAL,,GENERIC - STRUCTURAL,True
nds-main-v01|0jLBvDucXE0urRlcVHIVGW,nds-main-v01,0jLBvDucXE0urRlcVHIVGW,5957,IfcBuildingElementProxy,J,,,NOTDEFINED,GENERIC - STRUCTURAL,,GENERIC - STRUCTURAL,True
nds-main-v01|3l3DgCfjv2QwqrrrHF5pt7,nds-main-v01,3l3DgCfjv2QwqrrrHF5pt7,5966,IfcBuildingElementProxy,F,,,NOTDEFINED,GENERIC - STRUCTURAL,,GENERIC - STRUCTURAL,True
nds-main-v01|2YeofbbZLCCA0rUbGmLQ$H,nds-main-v01,2YeofbbZLCCA0rUbGmLQ$H,5975,IfcBuildingElementProxy,F,,,NOTDEFINED,GENERIC - STRUCTURAL,,GENERIC - STRUCTURAL,True
nds-main-v01|2EnmISiUPFtvctWM_Trtex,nds-main-v01,2EnmISiUPFtvctWM_Trtex,5984,IfcBuildingElementProxy,F,,,NOTDEFINED,GENERIC - STRUCTURAL,,GENERIC - STRUCTURAL,True
nds-main-v01|1h8K9ED5b0svHLFQLmnMEA,nds-main-v01,1h8K9ED5b0svHLFQLmnMEA,5993,IfcBuildingElementProxy,I,,,NOTDEFINED,Glass,,Glass,True
nds-main-v01|1wP20oTBL5LfOo8HRG4hyK,nds-main-v01,1wP20oTBL5LfOo8HRG4hyK,6002,IfcBuildingElementProxy,I,,,NOTDEFINED,GENERIC - STRUCTURAL,,GENERIC - STRUCTURAL,True
nds-main-v01|2Gzf93Eff7aQS4NCBJuxdF,nds-main-v01,2Gzf93Eff7aQS4NCBJuxdF,6011,IfcBuildingElementProxy,I,,,NOTDEFINED,Glass,,Glass,True
nds-main-v01|2SIIB0Zp5C2xpeLGU24WNu,nds-main-v01,2SIIB0Zp5C2xpeLGU24WNu,6020,IfcBuildingElementProxy,I,,,NOTDEFINED,GENERIC - STRUCTURAL,,GENERIC - STRUCTURAL,True
nds-main-v01|1DIrEH50jCAeNI5c3FCtpP,nds-main-v01,1DIrEH50jCAeNI5c3FCtpP,6029,IfcBuildingElementProxy,F,,,NOTDEFINED,GENERIC - STRUCTURAL,,GENERIC - STRUCTURAL,True
nds-main-v01|0SbZZ6DvX3CxmSvfr27n8d,nds-main-v01,0SbZZ6DvX3CxmSvfr27n8d,6038,IfcBuildingElementProxy,F,,,NOTDEFINED,GENERIC - STRUCTURAL,,GENERIC - STRUCTURAL,True
nds-main-v01|3FyIdw_ob6sfB$e1TnIXtz,nds-main-v01,3FyIdw_ob6sfB$e1TnIXtz,6056,IfcBuildingElementProxy,E,,,NOTDEFINED,Glass,PARKOVÁNÍ,Glass,True
nds-main-v01|0DOgyNH$fEv9U$ZWl88W6y,nds-main-v01,0DOgyNH$fEv9U$ZWl88W6y,6076,IfcBuildingElementProxy,E,,,NOTDEFINED,GENERIC - STRUCTURAL,PARKOVÁNÍ,GENERIC - STRUCTURAL,True
nds-main-v01|1zxxMyofX9IRSrzqY9bbmG,nds-main-v01,1zxxMyofX9IRSrzqY9bbmG,6131,IfcBuildingElementProxy,A,,,NOTDEFINED,DŘEVO,BYDLENÍ,DŘEVO,True
nds-main-v01|2YQnFlOpT1m8QGSY1yzytr,nds-main-v01,2YQnFlOpT1m8QGSY1yzytr,6302,IfcBuildingElementProxy,Etapa 3,,,NOTDEFINED,DŘEVO,BYDLENÍ,DŘEVO,True
nds-main-v01|0GzjjrsaLEg8tkaLE92U9M,nds-main-v01,0GzjjrsaLEg8tkaLE92U9M,6339,IfcBuildingElementProxy,E,,,NOTDEFINED,DŘEVO,RETAIL,DŘEVO,True
nds-main-v01|2YBdX0EkT1R8a5B1HY$pkM,nds-main-v01,2YBdX0EkT1R8a5B1HY$pkM,7073,IfcBuildingElementProxy,B,,,NOTDEFINED,GENERIC - STRUCTURAL,BYDLENÍ,GENERIC - STRUCTURAL,True
nds-main-v01|2BRF_msHz2uR3m6_oVYcjf,nds-main-v01,2BRF_msHz2uR3m6_oVYcjf,7129,IfcBuildingElementProxy,I,,,NOTDEFINED,GENERIC - STRUCTURAL,,GENERIC - STRUCTURAL,True
nds-main-v01|2C$vgyNxn7HQT21o3VExri,nds-main-v01,2C$vgyNxn7HQT21o3VExri,7158,IfcBuildingElementProxy,H,,,NOTDEFINED,Glass,,Glass,True
nds-main-v01|1K4pIuq7P6PAVg00LBBDHz,nds-main-v01,1K4pIuq7P6PAVg00LBBDHz,7159,IfcBuildingElementProxy,K,,,NOTDEFINED,GENERIC - STRUCTURAL,,GENERIC - STRUCTURAL,True
nds-main-v01|0Nr1KOZgv2JuG7kkR9aPT3,nds-main-v01,0Nr1KOZgv2JuG7kkR9aPT3,7168,IfcBuildingElementProxy,B,,,NOTDEFINED,GENERIC - STRUCTURAL,,GENERIC - STRUCTURAL,True
nds-main-v01|2K4auIKe5EABPcul7lxkGC,nds-main-v01,2K4auIKe5EABPcul7lxkGC,7177,IfcBuildingElementProxy,B,,,NOTDEFINED,Glass,,Glass,True
nds-main-v01|0scixj4zzDJOXDN8lAZTHw,nds-main-v01,0scixj4zzDJOXDN8lAZTHw,7186,IfcBuildingElementProxy,D,,,NOTDEFINED,Glass,,Glass,True
nds-main-v01|0$KuAOhgT8sPyjhtXucp3d,nds-main-v01,0$KuAOhgT8sPyjhtXucp3d,7195,IfcBuildingElementProxy,D,,,NOTDEFINED,Glass,,Glass,True
nds-main-v01|0rZK6gj89ChxTc18hfCkAl,nds-main-v01,0rZK6gj89ChxTc18hfCkAl,7204,IfcBuildingElementProxy,E,,,NOTDEFINED,GENERIC - STRUCTURAL,,GENERIC - STRUCTURAL,True
nds-main-v01|2nCn542ePAbfTopyj4_XW4,nds-main-v01,2nCn542ePAbfTopyj4_XW4,7213,IfcBuildingElementProxy,E,,,NOTDEFINED,GENERIC - STRUCTURAL,,GENERIC - STRUCTURAL,True
nds-main-v01|1S6X9KeozAix5c2vhM$n2p,nds-main-v01,1S6X9KeozAix5c2vhM$n2p,7222,IfcBuildingElementProxy,E,,,NOTDEFINED,GENERIC - STRUCTURAL,,GENERIC - STRUCTURAL,True
nds-main-v01|2sDi_vpzX7CgC3dO0DJ6sP,nds-main-v01,2sDi_vpzX7CgC3dO0DJ6sP,7231,IfcBuildingElementProxy,E,,,NOTDEFINED,GENERIC - STRUCTURAL,,GENERIC - STRUCTURAL,True
nds-main-v01|0f7N6n_fD4jv6QlXHSmDKP,nds-main-v01,0f7N6n_fD4jv6QlXHSmDKP,7248,IfcBuildingElementProxy,E,,,NOTDEFINED,GENERIC - STRUCTURAL,,GENERIC - STRUCTURAL,True
nds-main-v01|3B_gSvrI5808T9VeCkXoNP,nds-main-v01,3B_gSvrI5808T9VeCkXoNP,7261,IfcBuildingElementProxy,E,,,NOTDEFINED,GENERIC - STRUCTURAL,,GENERIC - STRUCTURAL,True
nds-main-v01|3CHK_WigLFjBIBbX_mQYA1,nds-main-v01,3CHK_WigLFjBIBbX_mQYA1,7270,IfcBuildingElementProxy,K,,,NOTDEFINED,GENERIC - STRUCTURAL,,GENERIC - STRUCTURAL,True
nds-main-v01|0DhK_TbE51AhCE$UzLdsIg,nds-main-v01,0DhK_TbE51AhCE$UzLdsIg,7279,IfcBuildingElementProxy,E,,,NOTDEFINED,GENERIC - STRUCTURAL,,GENERIC - STRUCTURAL,True
nds-main-v01|3bdfOvriPB7hs6B7MWw$ES,nds-main-v01,3bdfOvriPB7hs6B7MWw$ES,7288,IfcBuildingElementProxy,D,,,NOTDEFINED,GENERIC - STRUCTURAL,,GENERIC - STRUCTURAL,True
nds-main-v01|0Yn9VpxQf3DebFTV1ZHYpA,nds-main-v01,0Yn9VpxQf3DebFTV1ZHYpA,7289,IfcBuildingElementProxy,E,,,NOTDEFINED,GENERIC - STRUCTURAL,,GENERIC - STRUCTURAL,True
nds-main-v01|0E$HpDBTDBcunW_E_Cd7L8,nds-main-v01,0E$HpDBTDBcunW_E_Cd7L8,7313,IfcBuildingElementProxy,A,,,NOTDEFINED,Glass,,Glass,True
nds-main-v01|1JXfeHHHL7VAQ2te_jWIFE,nds-main-v01,1JXfeHHHL7VAQ2te_jWIFE,7323,IfcBuildingElementProxy,B,,,NOTDEFINED,Glass,,Glass,True
nds-main-v01|0dXlnCY3P9FwECtDTHgUyN,nds-main-v01,0dXlnCY3P9FwECtDTHgUyN,7332,IfcBuildingElementProxy,D,,,NOTDEFINED,Glass,,Glass,True
nds-main-v01|2qGpg0XgD5SuMRJBROXuFr,nds-main-v01,2qGpg0XgD5SuMRJBROXuFr,7341,IfcBuildingElementProxy,B,,,NOTDEFINED,Glass,,Glass,True
nds-main-v01|1$aGJXswj6N9ykG4OfObB5,nds-main-v01,1$aGJXswj6N9ykG4OfObB5,7350,IfcBuildingElementProxy,I,,,NOTDEFINED,GENERIC - STRUCTURAL,,GENERIC - STRUCTURAL,True
nds-main-v01|1C1ceZ93f9qf4v$9o6n_iq,nds-main-v01,1C1ceZ93f9qf4v$9o6n_iq,7359,IfcBuildingElementProxy,F,,,NOTDEFINED,GENERIC - STRUCTURAL,,GENERIC - STRUCTURAL,True
nds-main-v01|2sen_Cz_zE3ABq_MSAwoHZ,nds-main-v01,2sen_Cz_zE3ABq_MSAwoHZ,7368,IfcBuildingElementProxy,B,,,NOTDEFINED,GENERIC - STRUCTURAL,,GENERIC - STRUCTURAL,True
nds-main-v01|3VRcWHvw18SQX7enGxdJbE,nds-main-v01,3VRcWHvw18SQX7enGxdJbE,7377,IfcBuildingElementProxy,A,,,NOTDEFINED,GENERIC - STRUCTURAL,,GENERIC - STRUCTURAL,True
nds-main-v01|0KGFMYo1vBsAkOda0hjyfU,nds-main-v01,0KGFMYo1vBsAkOda0hjyfU,7387,IfcBuildingElementProxy,A,,,NOTDEFINED,GENERIC - STRUCTURAL,,GENERIC - STRUCTURAL,True
nds-main-v01|1w6VQhWwLBRe1jpuk5bmQW,nds-main-v01,1w6VQhWwLBRe1jpuk5bmQW,7386,IfcBuildingElementProxy,A,,,NOTDEFINED,GENERIC - STRUCTURAL,,GENERIC - STRUCTURAL,True
nds-main-v01|0oXCrUeDHD9ATGxFJQRwwT,nds-main-v01,0oXCrUeDHD9ATGxFJQRwwT,7404,IfcBuildingElementProxy,B,,,NOTDEFINED,GENERIC - STRUCTURAL,,GENERIC - STRUCTURAL,True
nds-main-v01|0BW0VqYMf3AP4Olp21M46U,nds-main-v01,0BW0VqYMf3AP4Olp21M46U,7413,IfcBuildingElementProxy,A,,,NOTDEFINED,GENERIC - STRUCTURAL,,GENERIC - STRUCTURAL,True
nds-main-v01|0$iHuxZbv2pAmB$4LT_lHN,nds-main-v01,0$iHuxZbv2pAmB$4LT_lHN,7430,IfcBuildingElementProxy,E,,,NOTDEFINED,GENERIC - STRUCTURAL,,GENERIC - STRUCTURAL,True
nds-main-v01|0Yy5vFO2fCkeLFdn1moOBJ,nds-main-v01,0Yy5vFO2fCkeLFdn1moOBJ,7439,IfcBuildingElementProxy,A,,,NOTDEFINED,GENERIC - STRUCTURAL,,GENERIC - STRUCTURAL,True
nds-main-v01|3mM0LZKYX55eowrGSfjuTA,nds-main-v01,3mM0LZKYX55eowrGSfjuTA,7448,IfcBuildingElementProxy,A,,,NOTDEFINED,GENERIC - STRUCTURAL,,GENERIC - STRUCTURAL,True
nds-main-v01|1fNU4gz6b8Cg9cbk_LLRe4,nds-main-v01,1fNU4gz6b8Cg9cbk_LLRe4,7457,IfcBuildingElementProxy,D,,,NOTDEFINED,GENERIC - STRUCTURAL,,GENERIC - STRUCTURAL,True
nds-main-v01|2w6QxVJgf7eReIHDAYnzb0,nds-main-v01,2w6QxVJgf7eReIHDAYnzb0,7468,IfcBuildingElementProxy,D,,,NOTDEFINED,GENERIC - STRUCTURAL,,GENERIC - STRUCTURAL,True
nds-main-v01|2Z42fA5pbEQOCHg0FnBpM2,nds-main-v01,2Z42fA5pbEQOCHg0FnBpM2,7477,IfcBuildingElementProxy,D,,,NOTDEFINED,GENERIC - STRUCTURAL,,GENERIC - STRUCTURAL,True
nds-main-v01|0NGK03LqvCmOaxGvjcuJeq,nds-main-v01,0NGK03LqvCmOaxGvjcuJeq,7488,IfcBuildingElementProxy,B,,,NOTDEFINED,GENERIC - STRUCTURAL,,GENERIC - STRUCTURAL,True
nds-main-v01|2gliZQU211IOKmIZUsW0rP,nds-main-v01,2gliZQU211IOKmIZUsW0rP,7497,IfcBuildingElementProxy,E,,,NOTDEFINED,Glass,,Glass,True
nds-main-v01|2vTscDYnzE4xDLozxfEj2j,nds-main-v01,2vTscDYnzE4xDLozxfEj2j,7507,IfcBuildingElementProxy,C,,,NOTDEFINED,GENERIC - STRUCTURAL,,GENERIC - STRUCTURAL,True
nds-main-v01|10M8bBG_r3U9Rl$sCpS4nl,nds-main-v01,10M8bBG_r3U9Rl$sCpS4nl,7516,IfcBuildingElementProxy,C,,,NOTDEFINED,GENERIC - STRUCTURAL,,GENERIC - STRUCTURAL,True
nds-main-v01|3JJOQ5LyP5UhRVBAlKpu3J,nds-main-v01,3JJOQ5LyP5UhRVBAlKpu3J,7525,IfcBuildingElementProxy,C,,,NOTDEFINED,GENERIC - STRUCTURAL,,GENERIC - STRUCTURAL,True
nds-main-v01|0WLCLn4Ij6wOoet4qw4Tqo,nds-main-v01,0WLCLn4Ij6wOoet4qw4Tqo,7534,IfcBuildingElementProxy,C,,,NOTDEFINED,GENERIC - STRUCTURAL,,GENERIC - STRUCTURAL,True
nds-main-v01|1gAYUnl516shY5hoz5ZsRv,nds-main-v01,1gAYUnl516shY5hoz5ZsRv,7543,IfcBuildingElementProxy,C,,,NOTDEFINED,GENERIC - STRUCTURAL,,GENERIC - STRUCTURAL,True
nds-main-v01|0e76O1KG59F8dp8JP95Vc0,nds-main-v01,0e76O1KG59F8dp8JP95Vc0,7561,IfcBuildingElementProxy,C,,,NOTDEFINED,GENERIC - STRUCTURAL,,GENERIC - STRUCTURAL,True
nds-main-v01|0F07o4LZr8NRZ7RpKyFcol,nds-main-v01,0F07o4LZr8NRZ7RpKyFcol,7552,IfcBuildingElementProxy,C,,,NOTDEFINED,GENERIC - STRUCTURAL,,GENERIC - STRUCTURAL,True
nds-main-v01|08LHoKirD00Q7L6Zy1dVAM,nds-main-v01,08LHoKirD00Q7L6Zy1dVAM,7563,IfcBuildingElementProxy,B,,,NOTDEFINED,GENERIC - STRUCTURAL,,GENERIC - STRUCTURAL,True
nds-main-v01|1dZ7H5lEHEz9nKaxgo$$z6,nds-main-v01,1dZ7H5lEHEz9nKaxgo$$z6,7564,IfcBuildingElementProxy,I,,,NOTDEFINED,GENERIC - STRUCTURAL,,GENERIC - STRUCTURAL,True
nds-main-v01|3BfXcnynTFPf6H4_k6Aomf,nds-main-v01,3BfXcnynTFPf6H4_k6Aomf,7580,IfcBuildingElementProxy,I,,,NOTDEFINED,GENERIC - STRUCTURAL,,GENERIC - STRUCTURAL,True
nds-main-v01|39edv35T14kgBp2kC5c8vR,nds-main-v01,39edv35T14kgBp2kC5c8vR,7590,IfcBuildingElementProxy,A,,,NOTDEFINED,GENERIC - STRUCTURAL,,GENERIC - STRUCTURAL,True
nds-main-v01|30KtFn_4f7QAfclAX4q9hE,nds-main-v01,30KtFn_4f7QAfclAX4q9hE,7787,IfcBuildingElementProxy,J,,,NOTDEFINED,DŘEVO,INV,DŘEVO,True
nds-main-v01|3eOmHy6g9DcwBN8ZPKKLRO,nds-main-v01,3eOmHy6g9DcwBN8ZPKKLRO,7796,IfcBuildingElementProxy,E,,,NOTDEFINED,DŘEVO,,DŘEVO,True
nds-main-v01|1LVDiAKdz3JPW4n2J3nrza,nds-main-v01,1LVDiAKdz3JPW4n2J3nrza,7813,IfcBuildingElementProxy,G,,,NOTDEFINED,GENERIC - STRUCTURAL,,GENERIC - STRUCTURAL,True
nds-main-v01|0ZFvk_QiX9e9eujMoyAWoA,nds-main-v01,0ZFvk_QiX9e9eujMoyAWoA,7823,IfcBuildingElementProxy,G,,,NOTDEFINED,GENERIC - STRUCTURAL,,GENERIC - STRUCTURAL,True
nds-main-v01|0S0oJR_6b4kepnQ$vrZWHH,nds-main-v01,0S0oJR_6b4kepnQ$vrZWHH,7832,IfcBuildingElementProxy,J,,,NOTDEFINED,GENERIC - STRUCTURAL,,GENERIC - STRUCTURAL,True
nds-main-v01|03Sd9u5NTBDPd3UREZDIW$,nds-main-v01,03Sd9u5NTBDPd3UREZDIW$,7841,IfcBuildingElementProxy,H,,,NOTDEFINED,Glass,,Glass,True
nds-main-v01|0VeYlSYMr12fzowUPFD8qh,nds-main-v01,0VeYlSYMr12fzowUPFD8qh,7850,IfcBuildingElementProxy,H,,,NOTDEFINED,Glass,,Glass,True
nds-main-v01|2GwQ3SlFP2wBFnbtBB1$Qo,nds-main-v01,2GwQ3SlFP2wBFnbtBB1$Qo,7859,IfcBuildingElementProxy,K,,,NOTDEFINED,GENERIC - STRUCTURAL,,GENERIC - STRUCTURAL,True
nds-main-v01|3YWC6MvoHE89oSDyTXImhN,nds-main-v01,3YWC6MvoHE89oSDyTXImhN,7868,IfcBuildingElementProxy,F,,,NOTDEFINED,Glass,,Glass,True
nds-main-v01|1K8Ie5IGfFeQSgVJokdVi_,nds-main-v01,1K8Ie5IGfFeQSgVJokdVi_,7877,IfcBuildingElementProxy,I,,,NOTDEFINED,Glass,,Glass,True
nds-main-v01|0fMiIEC5X8oQ2XK3704uLP,nds-main-v01,0fMiIEC5X8oQ2XK3704uLP,7886,IfcBuildingElementProxy,H,,,NOTDEFINED,Glass,,Glass,True
nds-main-v01|2whLEH_mH0CeAYvpF1jd1u,nds-main-v01,2whLEH_mH0CeAYvpF1jd1u,7895,IfcBuildingElementProxy,F,,,NOTDEFINED,GENERIC - STRUCTURAL,,GENERIC - STRUCTURAL,True
nds-main-v01|0HzQwb35P1gf_PvjifGIUT,nds-main-v01,0HzQwb35P1gf_PvjifGIUT,7906,IfcBuildingElementProxy,E,,,NOTDEFINED,DŘEVO,,DŘEVO,True
nds-main-v01|2UN2MAEyIzCKzicd3LxmnK,nds-main-v01,2UN2MAEyIzCKzicd3LxmnK,12901,IfcVirtualElement,,,,,,,,False
nds-main-v01|3TUMJV51JscpOBJ8VqQuVq,nds-main-v01,3TUMJV51JscpOBJ8VqQuVq,12914,IfcVirtualElement,,,,,,,,False
nds-main-v01|3X2W72YDda5o1aTMs1wUCc,nds-main-v01,3X2W72YDda5o1aTMs1wUCc,12912,IfcVirtualElement,,,,,,,,False
nds-main-v01|2Nj2F7Ej3sCY7ijpM09te6,nds-main-v01,2Nj2F7Ej3sCY7ijpM09te6,12970,IfcVirtualElement,,,,,,,,False
nds-main-v01|0B596MwdmCLd3FpZE_Jtl$,nds-main-v01,0B596MwdmCLd3FpZE_Jtl$,12981,IfcVirtualElement,,,,,,,,False
nds-main-v01|3vQ6TO38DT6bOh6zad5Qim,nds-main-v01,3vQ6TO38DT6bOh6zad5Qim,12999,IfcVirtualElement,,,,,,,,False
nds-main-v01|27VKDusL36UX8MjUR6nu2_,nds-main-v01,27VKDusL36UX8MjUR6nu2_,13016,IfcVirtualElement,,,,,,,,False
nds-main-v01|3dzskfYUg3bVjVq5DfoGwn,nds-main-v01,3dzskfYUg3bVjVq5DfoGwn,13053,IfcVirtualElement,,,,,,,,False
nds-main-v01|1PnIv$zm18ZKo5YWHcA4SA,nds-main-v01,1PnIv$zm18ZKo5YWHcA4SA,13063,IfcVirtualElement,,,,,,,,False
nds-main-v01|0BHiZ4axWV$H0yZLlZJut3,nds-main-v01,0BHiZ4axWV$H0yZLlZJut3,13083,IfcVirtualElement,,,,,,,,False
nds-main-v01|2iys6vRW3MY1OFQesvbx9q,nds-main-v01,2iys6vRW3MY1OFQesvbx9q,13095,IfcVirtualElement,,,,,,,,False
nds-main-v01|1taGch1AXkJ4iA3BPwpfBs,nds-main-v01,1taGch1AXkJ4iA3BPwpfBs,13114,IfcVirtualElement,,,,,,,,False
nds-main-v01|0fJ_lnw65fYY2VsXsWGAj4,nds-main-v01,0fJ_lnw65fYY2VsXsWGAj4,13116,IfcVirtualElement,,,,,,,,False
nds-main-v01|2zHcz2kEpnbSsVcpLmsuzP,nds-main-v01,2zHcz2kEpnbSsVcpLmsuzP,13119,IfcVirtualElement,,,,,,,,False
nds-main-v01|1iQn1xQfUMCl5D0Jn6l_A6,nds-main-v01,1iQn1xQfUMCl5D0Jn6l_A6,13122,IfcVirtualElement,,,,,,,,False
nds-main-v01|3SChDCGOjs23D6PFd4gUEh,nds-main-v01,3SChDCGOjs23D6PFd4gUEh,13140,IfcVirtualElement,,,,,,,,False
nds-main-v01|2ZSQaNBj8Jmgi4YzqWZZd6,nds-main-v01,2ZSQaNBj8Jmgi4YzqWZZd6,13143,IfcVirtualElement,,,,,,,,False
nds-main-v01|1y1rg_D4bMVuLCb5xVprew,nds-main-v01,1y1rg_D4bMVuLCb5xVprew,13145,IfcVirtualElement,,,,,,,,False
nds-main-v01|0d0KP2j8YMwjaf8QyIJsFH,nds-main-v01,0d0KP2j8YMwjaf8QyIJsFH,13158,IfcVirtualElement,,,,,,,,False
nds-main-v01|29xQ5XBGsxl1Qc$NF0L6WI,nds-main-v01,29xQ5XBGsxl1Qc$NF0L6WI,13195,IfcVirtualElement,,,,,,,,False
nds-main-v01|1wXzfjc3s$3uI8NlF3Q$Qy,nds-main-v01,1wXzfjc3s$3uI8NlF3Q$Qy,13218,IfcVirtualElement,,,,,,,,False
nds-main-v01|0gvgUrtyYap5lJtOQ$fmyy,nds-main-v01,0gvgUrtyYap5lJtOQ$fmyy,13241,IfcVirtualElement,,,,,,,,False
nds-main-v01|203PF2cyoEQbm8ChuU7ftN,nds-main-v01,203PF2cyoEQbm8ChuU7ftN,13265,IfcVirtualElement,,,,,,,,False
nds-main-v01|2mklWKPWkgiVfCiLlrlI2u,nds-main-v01,2mklWKPWkgiVfCiLlrlI2u,13285,IfcVirtualElement,,,,,,,,False
nds-main-v01|1sJ3uYPDL8T6YSMQAOrm31,nds-main-v01,1sJ3uYPDL8T6YSMQAOrm31,13289,IfcVirtualElement,,,,,,,,False
nds-main-v01|07$ELFVomnikFMuN$3Phu3,nds-main-v01,07$ELFVomnikFMuN$3Phu3,13287,IfcVirtualElement,,,,,,,,False
nds-main-v01|3TeSLqdiAmn4smVylRUTIZ,nds-main-v01,3TeSLqdiAmn4smVylRUTIZ,13354,IfcVirtualElement,,,,,,,,False
nds-main-v01|2xKaBFKWnT2SNdqBq156RP,nds-main-v01,2xKaBFKWnT2SNdqBq156RP,13356,IfcVirtualElement,,,,,,,,False
nds-main-v01|1p3iahfc4exBE2GiYOzZpk,nds-main-v01,1p3iahfc4exBE2GiYOzZpk,13366,IfcVirtualElement,,,,,,,,False
nds-main-v01|0umAVgPHQ7miKOZissTzxV,nds-main-v01,0umAVgPHQ7miKOZissTzxV,13392,IfcVirtualElement,,,,,,,,False
nds-main-v01|27ZZDJja4tCFh7N4gPvPbp,nds-main-v01,27ZZDJja4tCFh7N4gPvPbp,13394,IfcVirtualElement,,,,,,,,False
nds-main-v01|1$in_YnzZMTtwgVllolIES,nds-main-v01,1$in_YnzZMTtwgVllolIES,13404,IfcVirtualElement,,,,,,,,False
nds-main-v01|0b3yAjNiqmI$oJvUySR554,nds-main-v01,0b3yAjNiqmI$oJvUySR554,13406,IfcVirtualElement,,,,,,,,False
nds-main-v01|0CpNuj_XgVEbuTrCCOcG79,nds-main-v01,0CpNuj_XgVEbuTrCCOcG79,13408,IfcVirtualElement,,,,,,,,False
nds-main-v01|1$MOuVtacPhNL1cQt1KDWs,nds-main-v01,1$MOuVtacPhNL1cQt1KDWs,13419,IfcVirtualElement,,,,,,,,False
nds-main-v01|2WCUXVBJbflUM1MyiMIIWa,nds-main-v01,2WCUXVBJbflUM1MyiMIIWa,13454,IfcVirtualElement,,,,,,,,False
nds-main-v01|3mLx$$xyqnFJaGjZ56HME$,nds-main-v01,3mLx$$xyqnFJaGjZ56HME$,13524,IfcVirtualElement,,,,,,,,False
nds-main-v01|0tk$5fEBm4fJ99KPairht9,nds-main-v01,0tk$5fEBm4fJ99KPairht9,13544,IfcVirtualElement,,,,,,,,False
nds-main-v01|06Y7Rd8KkE5x3yzGN9v6mF,nds-main-v01,06Y7Rd8KkE5x3yzGN9v6mF,13547,IfcVirtualElement,,,,,,,,False
nds-main-v01|2tMtikmDNEgDMzc8KmSQ5E,nds-main-v01,2tMtikmDNEgDMzc8KmSQ5E,13584,IfcVirtualElement,,,,,,,,False
nds-main-v01|1p9UzQjuA5LcZw0k5qGY9U,nds-main-v01,1p9UzQjuA5LcZw0k5qGY9U,13612,IfcVirtualElement,,,,,,,,False
nds-main-v01|3n73K9vrZgHeYIEn$NFzWd,nds-main-v01,3n73K9vrZgHeYIEn$NFzWd,13691,IfcVirtualElement,,,,,,,,False
nds-main-v01|0p837TBnhMAsUDAhTJTMEY,nds-main-v01,0p837TBnhMAsUDAhTJTMEY,13707,IfcVirtualElement,,,,,,,,False
nds-main-v01|0URGdEUEgPp5TMgIJl$HW7,nds-main-v01,0URGdEUEgPp5TMgIJl$HW7,13705,IfcVirtualElement,,,,,,,,False
nds-main-v01|2yE3$VxnvwDSgj7JsiMeCB,nds-main-v01,2yE3$VxnvwDSgj7JsiMeCB,13709,IfcVirtualElement,,,,,,,,False
nds-main-v01|3MI0iOz39HutWz6VHS9$Ef,nds-main-v01,3MI0iOz39HutWz6VHS9$Ef,13697,IfcVirtualElement,,,,,,,,False
nds-main-v01|2$tOjBufjV9XeP1RnpjBtO,nds-main-v01,2$tOjBufjV9XeP1RnpjBtO,13719,IfcVirtualElement,,,,,,,,False
nds-main-v01|3iYeyatQMd_mCA83qHOnsK,nds-main-v01,3iYeyatQMd_mCA83qHOnsK,13734,IfcVirtualElement,,,,,,,,False
nds-main-v01|0MUWTvbNczDnW3F0g_fnBT,nds-main-v01,0MUWTvbNczDnW3F0g_fnBT,13722,IfcVirtualElement,,,,,,,,False
nds-main-v01|0gbyIKJqiZQmFzux9j57E$,nds-main-v01,0gbyIKJqiZQmFzux9j57E$,13737,IfcVirtualElement,,,,,,,,False
nds-main-v01|1pm9bDkfPKO2ovZOZk9bm2,nds-main-v01,1pm9bDkfPKO2ovZOZk9bm2,13731,IfcVirtualElement,,,,,,,,False
nds-main-v01|3VZfFKVdt8mNQbBED79zij,nds-main-v01,3VZfFKVdt8mNQbBED79zij,13756,IfcVirtualElement,,,,,,,,False
nds-main-v01|3rsIXNBv6OJjbJObC0xD9R,nds-main-v01,3rsIXNBv6OJjbJObC0xD9R,13754,IfcVirtualElement,,,,,,,,False
nds-main-v01|2AnSwXzbakzeQ7Bd5XaDPm,nds-main-v01,2AnSwXzbakzeQ7Bd5XaDPm,13801,IfcVirtualElement,,,,,,,,False
nds-main-v01|06LEScKcoQ7Vz77Su0kMlI,nds-main-v01,06LEScKcoQ7Vz77Su0kMlI,13812,IfcVirtualElement,,,,,,,,False
nds-main-v01|3P9yHiw6NPcLwrhQ6oVOLD,nds-main-v01,3P9yHiw6NPcLwrhQ6oVOLD,13814,IfcVirtualElement,,,,,,,,False
nds-main-v01|22aSCBgJg$ij85tRiRozTp,nds-main-v01,22aSCBgJg$ij85tRiRozTp,13837,IfcVirtualElement,,,,,,,,False
nds-main-v01|1SZ3t6tBZUZuCyb26UQBQa,nds-main-v01,1SZ3t6tBZUZuCyb26UQBQa,13918,IfcVirtualElement,,,,,,,,False
nds-main-v01|25tKfN53sIr8YEQxxVcnqV,nds-main-v01,25tKfN53sIr8YEQxxVcnqV,13917,IfcVirtualElement,,,,,,,,False
nds-main-v01|1anqAOLd1yaHxfHBmnP7U1,nds-main-v01,1anqAOLd1yaHxfHBmnP7U1,13966,IfcVirtualElement,,,,,,,,False
nds-main-v01|3Nz7D2b$$K$jIBOdwn3NBy,nds-main-v01,3Nz7D2b$$K$jIBOdwn3NBy,13977,IfcVirtualElement,,,,,,,,False
nds-main-v01|1CFrt16ouePUjQWMIsaxS0,nds-main-v01,1CFrt16ouePUjQWMIsaxS0,13979,IfcVirtualElement,,,,,,,,False
nds-main-v01|1B9fAgUNPUzH2bylLU_z5p,nds-main-v01,1B9fAgUNPUzH2bylLU_z5p,14020,IfcVirtualElement,,,,,,,,False
nds-main-v01|1IgUrkd0LIqSMjEMl1zM26,nds-main-v01,1IgUrkd0LIqSMjEMl1zM26,14034,IfcVirtualElement,,,,,,,,False
nds-main-v01|3_g32WY4YGAg6mL4EWyojp,nds-main-v01,3_g32WY4YGAg6mL4EWyojp,14072,IfcVirtualElement,,,,,,,,False
nds-main-v01|00YeYTHbh00gij_f7VwtjF,nds-main-v01,00YeYTHbh00gij_f7VwtjF,14092,IfcVirtualElement,,,,,,,,False
nds-main-v01|1Ku1FSK2OVoAFRjJEaCN7y,nds-main-v01,1Ku1FSK2OVoAFRjJEaCN7y,14174,IfcVirtualElement,,,,,,,,False
nds-main-v01|3rB0D8G0nmFg2pjMiXdqv_,nds-main-v01,3rB0D8G0nmFg2pjMiXdqv_,14197,IfcVirtualElement,,,,,,,,False
nds-main-v01|2ReMKLlDHvt3D2l61KXUoo,nds-main-v01,2ReMKLlDHvt3D2l61KXUoo,14223,IfcVirtualElement,,,,,,,,False
nds-main-v01|3oEycej2dJysOx6OJgweTQ,nds-main-v01,3oEycej2dJysOx6OJgweTQ,14225,IfcVirtualElement,,,,,,,,False
nds-main-v01|280od_9z$s4qTl8esiohKz,nds-main-v01,280od_9z$s4qTl8esiohKz,14242,IfcVirtualElement,,,,,,,,False
nds-main-v01|1x_IDXG3ujOINACzWT6uA8,nds-main-v01,1x_IDXG3ujOINACzWT6uA8,14262,IfcVirtualElement,,,,,,,,False
nds-main-v01|0DKPN30HFsf7Hq3khvqJOQ,nds-main-v01,0DKPN30HFsf7Hq3khvqJOQ,14264,IfcVirtualElement,,,,,,,,False
nds-main-v01|2hLb$AU77D3tW0finkeW1p,nds-main-v01,2hLb$AU77D3tW0finkeW1p,14273,IfcVirtualElement,,,,,,,,False
nds-main-v01|0dH$s3hRR7VL2I_3l3m92f,nds-main-v01,0dH$s3hRR7VL2I_3l3m92f,14280,IfcVirtualElement,,,,,,,,False
nds-main-v01|3x8dVV6dJIO1qa8h8IxMp4,nds-main-v01,3x8dVV6dJIO1qa8h8IxMp4,14308,IfcVirtualElement,,,,,,,,False
nds-main-v01|3ov0abJwfUPSrk0xEVO7tn,nds-main-v01,3ov0abJwfUPSrk0xEVO7tn,14310,IfcVirtualElement,,,,,,,,False
nds-main-v01|25DNSYI1zcaadcfSickcrB,nds-main-v01,25DNSYI1zcaadcfSickcrB,14351,IfcVirtualElement,,,,,,,,False
nds-main-v01|0dSJQyn9esRNkTu63HR1PQ,nds-main-v01,0dSJQyn9esRNkTu63HR1PQ,14357,IfcVirtualElement,,,,,,,,False
nds-main-v01|1t3yuggrIWLGN8R8Ntcues,nds-main-v01,1t3yuggrIWLGN8R8Ntcues,14378,IfcVirtualElement,,,,,,,,False
nds-main-v01|2cXO1CLPASFF5lsHtWyUd4,nds-main-v01,2cXO1CLPASFF5lsHtWyUd4,14386,IfcVirtualElement,,,,,,,,False
nds-main-v01|2Dly3DjxD4UzMsjMwBZF38,nds-main-v01,2Dly3DjxD4UzMsjMwBZF38,14399,IfcVirtualElement,,,,,,,,False
nds-main-v01|36dgXuW4cXEPOzML0M8oGq,nds-main-v01,36dgXuW4cXEPOzML0M8oGq,14397,IfcVirtualElement,,,,,,,,False
nds-main-v01|3N5ugUFawSO1v98zACgyzA,nds-main-v01,3N5ugUFawSO1v98zACgyzA,14452,IfcVirtualElement,,,,,,,,False
nds-main-v01|3IrQoRFDrVmG6YDIt0Duuo,nds-main-v01,3IrQoRFDrVmG6YDIt0Duuo,14511,IfcVirtualElement,,,,,,,,False
nds-main-v01|2ObqUZrLwOwPdsDqY5esS5,nds-main-v01,2ObqUZrLwOwPdsDqY5esS5,14513,IfcVirtualElement,,,,,,,,False
nds-main-v01|3N1o7ZGZhuDypmXOLE8ka0,nds-main-v01,3N1o7ZGZhuDypmXOLE8ka0,14520,IfcVirtualElement,,,,,,,,False
nds-main-v01|05ANwGsNsI8Io$YHi8JLDz,nds-main-v01,05ANwGsNsI8Io$YHi8JLDz,14549,IfcVirtualElement,,,,,,,,False
nds-main-v01|1HuAOBCg8WsprLPgHEWPju,nds-main-v01,1HuAOBCg8WsprLPgHEWPju,14566,IfcVirtualElement,,,,,,,,False
nds-main-v01|1cMEWwJdhx3Y_48OeKmqtk,nds-main-v01,1cMEWwJdhx3Y_48OeKmqtk,14621,IfcVirtualElement,,,,,,,,False
nds-main-v01|0TonvANkoXDyxNqy16nEj_,nds-main-v01,0TonvANkoXDyxNqy16nEj_,14685,IfcVirtualElement,,,,,,,,False
nds-main-v01|1T8Ubq9x2EF1ic1$Lx_qF9,nds-main-v01,1T8Ubq9x2EF1ic1$Lx_qF9,14759,IfcVirtualElement,,,,,,,,False
nds-main-v01|0lSw5K3zMe_eXVAzW4Lwmb,nds-main-v01,0lSw5K3zMe_eXVAzW4Lwmb,14801,IfcVirtualElement,,,,,,,,False
nds-main-v01|0kA48oLnjIQ_6VOFc6ggJc,nds-main-v01,0kA48oLnjIQ_6VOFc6ggJc,14851,IfcVirtualElement,,,,,,,,False
nds-main-v01|0_gqvRnM_nzvUKEyl8SOIu,nds-main-v01,0_gqvRnM_nzvUKEyl8SOIu,14912,IfcVirtualElement,,,,,,,,False
nds-main-v01|3rSXNijn1Yd1V_Xbcwa4U6,nds-main-v01,3rSXNijn1Yd1V_Xbcwa4U6,14923,IfcVirtualElement,,,,,,,,False
nds-main-v01|0O0meT2vT8RBjz9BtqGShL,nds-main-v01,0O0meT2vT8RBjz9BtqGShL,14925,IfcVirtualElement,,,,,,,,False
nds-main-v01|02cb6_IWr36mQiZSrghB06,nds-main-v01,02cb6_IWr36mQiZSrghB06,14952,IfcVirtualElement,,,,,,,,False
nds-main-v01|0EnT0kBhC1JmHpHUEobd$z,nds-main-v01,0EnT0kBhC1JmHpHUEobd$z,14962,IfcVirtualElement,,,,,,,,False
nds-main-v01|3o553jNRLyKyOtiPqWGmkC,nds-main-v01,3o553jNRLyKyOtiPqWGmkC,14964,IfcVirtualElement,,,,,,,,False
nds-main-v01|1Htkam0O$jCCez38gJv7tH,nds-main-v01,1Htkam0O$jCCez38gJv7tH,14982,IfcVirtualElement,,,,,,,,False
nds-main-v01|13szu_SjcdCRxFyMcA8TDW,nds-main-v01,13szu_SjcdCRxFyMcA8TDW,15018,IfcVirtualElement,,,,,,,,False
nds-main-v01|1$VsbPUr_u2SVzfQ1CAdYt,nds-main-v01,1$VsbPUr_u2SVzfQ1CAdYt,15072,IfcVirtualElement,,,,,,,,False
nds-main-v01|1f1GJ$uCfHhClzGIhXp$Nt,nds-main-v01,1f1GJ$uCfHhClzGIhXp$Nt,15107,IfcVirtualElement,,,,,,,,False
nds-main-v01|3ESNJqj3XAJ_o3vpZUVGvO,nds-main-v01,3ESNJqj3XAJ_o3vpZUVGvO,15211,IfcVirtualElement,,,,,,,,False
nds-main-v01|28g9_n23373iW7nhNdi8N$,nds-main-v01,28g9_n23373iW7nhNdi8N$,15213,IfcVirtualElement,,,,,,,,False
nds-main-v01|3WGKUa1qVI3TuNFWs1hN4X,nds-main-v01,3WGKUa1qVI3TuNFWs1hN4X,15328,IfcVirtualElement,,,,,,,,False
nds-main-v01|0UC748$3ERfpuYhRhLLfTg,nds-main-v01,0UC748$3ERfpuYhRhLLfTg,15338,IfcVirtualElement,,,,,,,,False
nds-main-v01|2yDKJFXvhwAxyUrrLggeVb,nds-main-v01,2yDKJFXvhwAxyUrrLggeVb,15378,IfcVirtualElement,,,,,,,,False
nds-main-v01|163p9vuI33WkV9$s8ppqYZ,nds-main-v01,163p9vuI33WkV9$s8ppqYZ,15447,IfcVirtualElement,,,,,,,,False
nds-main-v01|3a1awVkxpN3jxjLwdrmtSt,nds-main-v01,3a1awVkxpN3jxjLwdrmtSt,15477,IfcVirtualElement,,,,,,,,False
nds-main-v01|2NgKb$u3XJ4ygACs0WyT9e,nds-main-v01,2NgKb$u3XJ4ygACs0WyT9e,15474,IfcVirtualElement,,,,,,,,False
nds-main-v01|0gLRPotABp4ELZfp$54Grg,nds-main-v01,0gLRPotABp4ELZfp$54Grg,15539,IfcVirtualElement,,,,,,,,False
nds-main-v01|17i2rSbxqBV7GksWPGfnMT,nds-main-v01,17i2rSbxqBV7GksWPGfnMT,15541,IfcVirtualElement,,,,,,,,False
nds-main-v01|33Vf$iXQfcop9I6OIHovOR,nds-main-v01,33Vf$iXQfcop9I6OIHovOR,15561,IfcVirtualElement,,,,,,,,False
nds-main-v01|1La1T0lm_mesTPX$Pmnrbn,nds-main-v01,1La1T0lm_mesTPX$Pmnrbn,15573,IfcVirtualElement,,,,,,,,False
nds-main-v01|2hYs8xp3jxmQgMMOCfQXex,nds-main-v01,2hYs8xp3jxmQgMMOCfQXex,15624,IfcVirtualElement,,,,,,,,False
nds-main-v01|0$0B53JD2VdnRTX7MN887o,nds-main-v01,0$0B53JD2VdnRTX7MN887o,15633,IfcVirtualElement,,,,,,,,False
nds-main-v01|3tfk2bUisKl0f3BZPvSxyE,nds-main-v01,3tfk2bUisKl0f3BZPvSxyE,15787,IfcVirtualElement,,,,,,,,False
nds-main-v01|27x2on5kQ5vd5YOFbyXz1q,nds-main-v01,27x2on5kQ5vd5YOFbyXz1q,15799,IfcVirtualElement,,,,,,,,False
nds-main-v01|2e_yS7fD3YmKFuQ5Qee$oF,nds-main-v01,2e_yS7fD3YmKFuQ5Qee$oF,15911,IfcVirtualElement,,,,,,,,False
nds-main-v01|06hJ5F9AyzhUwS$drrFj4X,nds-main-v01,06hJ5F9AyzhUwS$drrFj4X,15680,IfcVirtualElement,,,,,,,,False
nds-main-v01|38FOfGVIjxDhGVXUdaCOIw,nds-main-v01,38FOfGVIjxDhGVXUdaCOIw,15937,IfcVirtualElement,,,,,,,,False
nds-main-v01|3nTnlZEJh3g_fQyv4V_JKe,nds-main-v01,3nTnlZEJh3g_fQyv4V_JKe,15939,IfcVirtualElement,,,,,,,,False
nds-main-v01|1UGxX85nSPikgZU1nibeIq,nds-main-v01,1UGxX85nSPikgZU1nibeIq,16000,IfcVirtualElement,,,,,,,,False
nds-main-v01|1Aa$nllnAV8kB_nQlygmkc,nds-main-v01,1Aa$nllnAV8kB_nQlygmkc,16112,IfcVirtualElement,,,,,,,,False
nds-main-v01|0wyEVHJI7mhdV3BBds7wGZ,nds-main-v01,0wyEVHJI7mhdV3BBds7wGZ,16214,IfcVirtualElement,,,,,,,,False
nds-main-v01|1TWJhKT8ElVYQW$0DQlXOY,nds-main-v01,1TWJhKT8ElVYQW$0DQlXOY,16269,IfcVirtualElement,,,,,,,,False
nds-main-v01|1iP8R1ahhCGaPLjULDp5ql,nds-main-v01,1iP8R1ahhCGaPLjULDp5ql,16282,IfcVirtualElement,,,,,,,,False
nds-main-v01|3s9FyWLwNn3$lHARVf3H$Q,nds-main-v01,3s9FyWLwNn3$lHARVf3H$Q,16303,IfcVirtualElement,,,,,,,,False
nds-main-v01|0ADFQCnykCed4yREfd8zL3,nds-main-v01,0ADFQCnykCed4yREfd8zL3,16346,IfcVirtualElement,,,,,,,,False
nds-main-v01|11gWb$jUXlk24FM6yEWFKB,nds-main-v01,11gWb$jUXlk24FM6yEWFKB,16458,IfcVirtualElement,,,,,,,,False
nds-main-v01|0DgBQIphHCeXWYAEZDcZXW,nds-main-v01,0DgBQIphHCeXWYAEZDcZXW,16460,IfcVirtualElement,,,,,,,,False
nds-main-v01|3Qnb4ecIy4TWVYGRDXd0VH,nds-main-v01,3Qnb4ecIy4TWVYGRDXd0VH,16506,IfcVirtualElement,,,,,,,,False
nds-main-v01|1cA9WMa09mxEaCtUtTBfvy,nds-main-v01,1cA9WMa09mxEaCtUtTBfvy,16510,IfcVirtualElement,,,,,,,,False
nds-main-v01|3fUeUMNE18NQP$QohLiL$4,nds-main-v01,3fUeUMNE18NQP$QohLiL$4,16522,IfcVirtualElement,,,,,,,,False
nds-main-v01|3OH7n7ZuE6VXeCocSZrxpT,nds-main-v01,3OH7n7ZuE6VXeCocSZrxpT,16526,IfcVirtualElement,,,,,,,,False
nds-main-v01|2YuFVi6ScnXQP6uLYo5mLG,nds-main-v01,2YuFVi6ScnXQP6uLYo5mLG,16538,IfcVirtualElement,,,,,,,,False
nds-main-v01|27YZlznEXRcbtixtYy4o6Z,nds-main-v01,27YZlznEXRcbtixtYy4o6Z,16540,IfcVirtualElement,,,,,,,,False
nds-main-v01|0aGdhYZBaS73LRCnl28bil,nds-main-v01,0aGdhYZBaS73LRCnl28bil,16554,IfcVirtualElement,,,,,,,,False
nds-main-v01|3Okc5MsQWXDUiEzhRXlfsw,nds-main-v01,3Okc5MsQWXDUiEzhRXlfsw,16632,IfcVirtualElement,,,,,,,,False
nds-main-v01|0Qliw0wbrefdNwcWoCfKdL,nds-main-v01,0Qliw0wbrefdNwcWoCfKdL,16660,IfcVirtualElement,,,,,,,,False
nds-main-v01|3czvK75byMsPnrl4OUil3X,nds-main-v01,3czvK75byMsPnrl4OUil3X,16835,IfcVirtualElement,,,,,,,,False
nds-main-v01|0oEAcdgeUx9I_q5qGo_IUn,nds-main-v01,0oEAcdgeUx9I_q5qGo_IUn,16837,IfcVirtualElement,,,,,,,,False
nds-main-v01|30g8d5Fzwi_bTk1$6gmult,nds-main-v01,30g8d5Fzwi_bTk1$6gmult,16866,IfcVirtualElement,,,,,,,,False
nds-main-v01|1RkPwTAX_qu5LIcB_9NEmQ,nds-main-v01,1RkPwTAX_qu5LIcB_9NEmQ,16873,IfcVirtualElement,,,,,,,,False
nds-main-v01|0T47QXqi5rWqTeHyAIAz5Z,nds-main-v01,0T47QXqi5rWqTeHyAIAz5Z,16918,IfcVirtualElement,,,,,,,,False
nds-main-v01|00tMo7QcxqWdIGvc4sMN2A,nds-main-v01,00tMo7QcxqWdIGvc4sMN2A,2634,IfcBuilding,Building,,,,,,,False
nds-main-v01|2lbmSflIj1IxyOP0RthXii,nds-main-v01,2lbmSflIj1IxyOP0RthXii,12846,IfcBuildingStorey,0. Story,,,,,,,False
nds-main-v01|20FpTZCqJy2vhVJYtjuIce,nds-main-v01,20FpTZCqJy2vhVJYtjuIce,26,IfcSite,Site,,,,,,,False
nds-main-v01|1hlNKjiWv1nhiFEfIfrv38,nds-main-v01,1hlNKjiWv1nhiFEfIfrv38,2635,IfcSpace,BYDLENÍ,,,INTERNAL,Bydlení,BYDLENÍ,,True
nds-main-v01|16iF67yfv0IuhPevCcoNYW,nds-main-v01,16iF67yfv0IuhPevCcoNYW,2644,IfcSpace,BYDLENÍ,,,INTERNAL,Bydlení,BYDLENÍ,,True
nds-main-v01|3JozJKCo9ADgyHQwG1WIrv,nds-main-v01,3JozJKCo9ADgyHQwG1WIrv,2659,IfcSpace,BYDLENÍ,,,INTERNAL,Bydlení,BYDLENÍ,,True
nds-main-v01|0FQUKLEFD5GB7iif3es_re,nds-main-v01,0FQUKLEFD5GB7iif3es_re,2668,IfcSpace,BYDLENÍ,,,INTERNAL,Bydlení,BYDLENÍ,,True
nds-main-v01|3Cef_LQ3fB99RsRAVmjHcX,nds-main-v01,3Cef_LQ3fB99RsRAVmjHcX,2677,IfcSpace,BYDLENÍ,,,INTERNAL,Bydlení,BYDLENÍ,,True
nds-main-v01|24fLBCIovA_9IYN59jn9xP,nds-main-v01,24fLBCIovA_9IYN59jn9xP,2686,IfcSpace,BYDLENÍ,,,INTERNAL,Bydlení,BYDLENÍ,,True
nds-main-v01|3clUWJCfzCWQl5Ec1UyR8p,nds-main-v01,3clUWJCfzCWQl5Ec1UyR8p,2699,IfcSpace,BYDLENÍ,,,INTERNAL,Bydlení,BYDLENÍ,,True
nds-main-v01|0musxLgVv4SObNpEke$y18,nds-main-v01,0musxLgVv4SObNpEke$y18,2708,IfcSpace,BYDLENÍ,,,INTERNAL,Bydlení,BYDLENÍ,,True
nds-main-v01|1F0Ghf6Bf57wogdTc3TD6P,nds-main-v01,1F0Ghf6Bf57wogdTc3TD6P,2717,IfcSpace,BYDLENÍ,,,INTERNAL,Bydlení,BYDLENÍ,,True
nds-main-v01|3XzwpilRD9vRzmz67YuM4k,nds-main-v01,3XzwpilRD9vRzmz67YuM4k,2746,IfcSpace,BYDLENÍ,,,INTERNAL,Bydlení,BYDLENÍ,,True
nds-main-v01|3$nPcqnWrF8e_hp1qNsUdF,nds-main-v01,3$nPcqnWrF8e_hp1qNsUdF,2755,IfcSpace,BYDLENÍ,,,INTERNAL,Bydlení,BYDLENÍ,,True
nds-main-v01|0XGxbvY$rA9vqEqA4iM7UP,nds-main-v01,0XGxbvY$rA9vqEqA4iM7UP,2764,IfcSpace,BYDLENÍ,,,INTERNAL,Bydlení,BYDLENÍ,,True
nds-main-v01|0LIOgEeY96TxVhVHp9fOlJ,nds-main-v01,0LIOgEeY96TxVhVHp9fOlJ,2773,IfcSpace,BYDLENÍ,,,INTERNAL,Bydlení,BYDLENÍ,,True
nds-main-v01|3c0dSm_3TE0hQ3J$tWLNMX,nds-main-v01,3c0dSm_3TE0hQ3J$tWLNMX,2782,IfcSpace,BYDLENÍ,,,INTERNAL,Bydlení,BYDLENÍ,,True
nds-main-v01|1FR1vgUK97pPPMFv4k21_7,nds-main-v01,1FR1vgUK97pPPMFv4k21_7,2791,IfcSpace,BYDLENÍ,,,INTERNAL,Bydlení,BYDLENÍ,,True
nds-main-v01|3ughY9ojL0vPj$4QO1x_Vn,nds-main-v01,3ughY9ojL0vPj$4QO1x_Vn,2800,IfcSpace,BYDLENÍ,,,INTERNAL,Bydlení,BYDLENÍ,,True
nds-main-v01|0XDRlH8Ff4qxaqa3NNviV8,nds-main-v01,0XDRlH8Ff4qxaqa3NNviV8,2801,IfcSpace,RETAIL,,,INTERNAL,Retail,RETAIL,,True
nds-main-v01|3LrQYeKmbEKA7Ik$L4LWDG,nds-main-v01,3LrQYeKmbEKA7Ik$L4LWDG,2836,IfcSpace,BYDLENÍ,,,INTERNAL,Bydlení,BYDLENÍ,,True
nds-main-v01|3BGDkFuQf9gwkBkGbS5Osw,nds-main-v01,3BGDkFuQf9gwkBkGbS5Osw,2845,IfcSpace,BYDLENÍ,,,INTERNAL,Bydlení,BYDLENÍ,,True
nds-main-v01|0LjbhyG7n2Le0sTEd0afcp,nds-main-v01,0LjbhyG7n2Le0sTEd0afcp,2854,IfcSpace,BYDLENÍ,,,INTERNAL,Bydlení,BYDLENÍ,,True
nds-main-v01|0DeqYmz2933xi4iu4TVc4c,nds-main-v01,0DeqYmz2933xi4iu4TVc4c,2863,IfcSpace,BYDLENÍ,,,INTERNAL,Bydlení,BYDLENÍ,,True
nds-main-v01|3vciuk6PLEHxDZIXyN4GTK,nds-main-v01,3vciuk6PLEHxDZIXyN4GTK,2872,IfcSpace,BYDLENÍ,,,INTERNAL,Bydlení,BYDLENÍ,,True
nds-main-v01|0z0xSETIrAEPDaV2CuZS8Y,nds-main-v01,0z0xSETIrAEPDaV2CuZS8Y,2923,IfcSpace,RETAIL,,,INTERNAL,Retail,RETAIL,,True
nds-main-v01|1te1EQFmLAjRNkRYlpVuiW,nds-main-v01,1te1EQFmLAjRNkRYlpVuiW,2994,IfcSpace,VZDĚLÁVÁNÍ A KULTURA,,,INTERNAL,Vzdělávání a kultura,VZDĚLÁVÁNÍ A KULTURA,,True
nds-main-v01|07G7V8o$D23gS5Heg_SN$I,nds-main-v01,07G7V8o$D23gS5Heg_SN$I,3015,IfcSpace,BYDLENÍ,,,INTERNAL,Bydlení,BYDLENÍ,,True
nds-main-v01|0DDiR0VCj5NgvrkgfrZZrJ,nds-main-v01,0DDiR0VCj5NgvrkgfrZZrJ,3024,IfcSpace,BYDLENÍ,,,INTERNAL,Bydlení,BYDLENÍ,,True
nds-main-v01|0lhL$Q0_v3qPta5rkuBwQQ,nds-main-v01,0lhL$Q0_v3qPta5rkuBwQQ,3035,IfcSpace,BYDLENÍ,,,INTERNAL,Bydlení,BYDLENÍ,,True
nds-main-v01|0GaMotWgHF2v5AiOVxkBTl,nds-main-v01,0GaMotWgHF2v5AiOVxkBTl,3044,IfcSpace,BYDLENÍ,,,INTERNAL,Bydlení,BYDLENÍ,,True
nds-main-v01|1EANsSwEP3D8FoNnTngIbX,nds-main-v01,1EANsSwEP3D8FoNnTngIbX,3057,IfcSpace,RETAIL,,,INTERNAL,Retail,RETAIL,,True
nds-main-v01|0gY5HeAUz3iO_G4qEPHR_k,nds-main-v01,0gY5HeAUz3iO_G4qEPHR_k,3066,IfcSpace,BYDLENÍ,,,INTERNAL,Bydlení,BYDLENÍ,,True
nds-main-v01|1ozqY0HjbCzepbMniTG2KO,nds-main-v01,1ozqY0HjbCzepbMniTG2KO,3075,IfcSpace,BYDLENÍ,,,INTERNAL,Bydlení,BYDLENÍ,,True
nds-main-v01|0_if9IsDDAHvaCQgRCWjJB,nds-main-v01,0_if9IsDDAHvaCQgRCWjJB,3084,IfcSpace,BYDLENÍ,,,INTERNAL,Bydlení,BYDLENÍ,,True
nds-main-v01|3zsJ1DjcH14f1BjCV$YdSn,nds-main-v01,3zsJ1DjcH14f1BjCV$YdSn,3093,IfcSpace,BYDLENÍ,,,INTERNAL,Bydlení,BYDLENÍ,,True
nds-main-v01|0ptIXfF49699dznHIZ4g5P,nds-main-v01,0ptIXfF49699dznHIZ4g5P,3159,IfcSpace,BYDLENÍ,,,INTERNAL,Bydlení,BYDLENÍ,,True
nds-main-v01|0geeLySLz92vVrEgoi5PU1,nds-main-v01,0geeLySLz92vVrEgoi5PU1,3231,IfcSpace,BYDLENÍ,,,INTERNAL,Bydlení,BYDLENÍ,,True
nds-main-v01|0HXCsPHjvDXQWZMvqTmo_g,nds-main-v01,0HXCsPHjvDXQWZMvqTmo_g,3240,IfcSpace,BYDLENÍ,,,INTERNAL,Bydlení,BYDLENÍ,,True
nds-main-v01|0BTHwTjbb7RBVdUDdbFyYc,nds-main-v01,0BTHwTjbb7RBVdUDdbFyYc,3271,IfcSpace,BYDLENÍ,,,INTERNAL,Bydlení,BYDLENÍ,,True
nds-main-v01|1VzWJEipvEcPwdLsTQ1W8A,nds-main-v01,1VzWJEipvEcPwdLsTQ1W8A,3295,IfcSpace,BYDLENÍ,,,INTERNAL,Bydlení,BYDLENÍ,,True
nds-main-v01|0Y6FiNUhH2s8m0iiIqaajr,nds-main-v01,0Y6FiNUhH2s8m0iiIqaajr,3304,IfcSpace,RETAIL,,,INTERNAL,Retail,RETAIL,,True
nds-main-v01|0xUi1Irdj2tB$emKuXXp$p,nds-main-v01,0xUi1Irdj2tB$emKuXXp$p,3313,IfcSpace,BYDLENÍ,,,INTERNAL,Bydlení,BYDLENÍ,,True
nds-main-v01|1NBmgtmzLBjuN8$0CU7n3K,nds-main-v01,1NBmgtmzLBjuN8$0CU7n3K,3322,IfcSpace,BYDLENÍ,,,INTERNAL,Bydlení,BYDLENÍ,,True
nds-main-v01|2md7c49bj9Uxt5H6OTMynF,nds-main-v01,2md7c49bj9Uxt5H6OTMynF,3331,IfcSpace,BYDLENÍ,,,INTERNAL,Bydlení,BYDLENÍ,,True
nds-main-v01|14ePuj0jfDOhAaNlFqhCrL,nds-main-v01,14ePuj0jfDOhAaNlFqhCrL,3423,IfcSpace,BYDLENÍ,,,INTERNAL,Bydlení,BYDLENÍ,,True
nds-main-v01|2GLedP5ib3XQ_19amZhYrp,nds-main-v01,2GLedP5ib3XQ_19amZhYrp,3432,IfcSpace,BYDLENÍ,,,INTERNAL,Bydlení,BYDLENÍ,,True
nds-main-v01|02Ow0pm3j1291vZEixLDsF,nds-main-v01,02Ow0pm3j1291vZEixLDsF,3441,IfcSpace,BYDLENÍ,,,INTERNAL,Bydlení,BYDLENÍ,,True
nds-main-v01|1LjPDPcQX6iuTjWH3x_xAf,nds-main-v01,1LjPDPcQX6iuTjWH3x_xAf,3450,IfcSpace,BYDLENÍ,,,INTERNAL,Bydlení,BYDLENÍ,,True
nds-main-v01|2jW5sA$WP7phjsW4qvcL7x,nds-main-v01,2jW5sA$WP7phjsW4qvcL7x,3459,IfcSpace,BYDLENÍ,,,INTERNAL,Bydlení,BYDLENÍ,,True
nds-main-v01|2gEWA2sKP1vQHX6gW56J6s,nds-main-v01,2gEWA2sKP1vQHX6gW56J6s,3513,IfcSpace,BYDLENÍ,,,INTERNAL,Bydlení,BYDLENÍ,,True
nds-main-v01|0E5eRBTnH4P9OF0obnqRaM,nds-main-v01,0E5eRBTnH4P9OF0obnqRaM,3515,IfcSpace,BYDLENÍ,,,INTERNAL,Bydlení,BYDLENÍ,,True
nds-main-v01|0Vz4vuj7jDfOOeema7N_pO,nds-main-v01,0Vz4vuj7jDfOOeema7N_pO,3539,IfcSpace,BYDLENÍ,,,INTERNAL,Bydlení,BYDLENÍ,,True
nds-main-v01|0hPydyypz9G8BKpt7TZuo7,nds-main-v01,0hPydyypz9G8BKpt7TZuo7,3548,IfcSpace,BYDLENÍ,,,INTERNAL,Bydlení,BYDLENÍ,,True
nds-main-v01|2B4cSt_Iz0oQkontaYpT3O,nds-main-v01,2B4cSt_Iz0oQkontaYpT3O,3558,IfcSpace,BYDLENÍ,,,INTERNAL,Bydlení,BYDLENÍ,,True
nds-main-v01|1DN7fXcnTELQKMxF6cHivm,nds-main-v01,1DN7fXcnTELQKMxF6cHivm,3557,IfcSpace,BYDLENÍ,,,INTERNAL,Bydlení,BYDLENÍ,,True
nds-main-v01|17sPYycxPExf5lDGc1BgrP,nds-main-v01,17sPYycxPExf5lDGc1BgrP,3567,IfcSpace,BYDLENÍ,,,INTERNAL,Bydlení,BYDLENÍ,,True
nds-main-v01|3uTiBDzm501w0YIm52LpEr,nds-main-v01,3uTiBDzm501w0YIm52LpEr,3576,IfcSpace,BYDLENÍ,,,INTERNAL,Bydlení,BYDLENÍ,,True
nds-main-v01|2NSNiqWWD63vHDh_QwYdJj,nds-main-v01,2NSNiqWWD63vHDh_QwYdJj,3577,IfcSpace,BYDLENÍ,,,INTERNAL,Bydlení,BYDLENÍ,,True
nds-main-v01|3_lJuRUkfCafr689wv8oOb,nds-main-v01,3_lJuRUkfCafr689wv8oOb,3588,IfcSpace,BYDLENÍ,,,INTERNAL,Bydlení,BYDLENÍ,,True
nds-main-v01|33YoMLLVf4EO9JKk472AjS,nds-main-v01,33YoMLLVf4EO9JKk472AjS,3597,IfcSpace,RETAIL,,,INTERNAL,Retail,RETAIL,,True
nds-main-v01|3tTWTQZ4jDbx6lCHUGAOhv,nds-main-v01,3tTWTQZ4jDbx6lCHUGAOhv,3606,IfcSpace,BYDLENÍ,,,INTERNAL,Bydlení,BYDLENÍ,,True
nds-main-v01|1qsVUL3EH5UBSwbUtYRUUb,nds-main-v01,1qsVUL3EH5UBSwbUtYRUUb,3624,IfcSpace,BYDLENÍ,,,INTERNAL,Bydlení,BYDLENÍ,,True
nds-main-v01|1WYpc4qM9EW9Xyuora5jQ2,nds-main-v01,1WYpc4qM9EW9Xyuora5jQ2,3615,IfcSpace,BYDLENÍ,,,INTERNAL,Bydlení,BYDLENÍ,,True
nds-main-v01|1f1oIogVfFnwRLmZGdW5th,nds-main-v01,1f1oIogVfFnwRLmZGdW5th,3633,IfcSpace,BYDLENÍ,,,INTERNAL,Bydlení,BYDLENÍ,,True
nds-main-v01|0msxycw39079eU8nj9NJb6,nds-main-v01,0msxycw39079eU8nj9NJb6,3642,IfcSpace,BYDLENÍ,,,INTERNAL,Bydlení,BYDLENÍ,,True
nds-main-v01|1WuVs55gH34uVhRIr9jVAJ,nds-main-v01,1WuVs55gH34uVhRIr9jVAJ,3651,IfcSpace,BYDLENÍ,,,INTERNAL,Bydlení,BYDLENÍ,,True
nds-main-v01|3asDVbwgD99hCTZynyzG_P,nds-main-v01,3asDVbwgD99hCTZynyzG_P,3660,IfcSpace,BYDLENÍ,,,INTERNAL,Bydlení,BYDLENÍ,,True
nds-main-v01|3TR25hki9DBupL6gVpI41a,nds-main-v01,3TR25hki9DBupL6gVpI41a,3669,IfcSpace,BYDLENÍ,,,INTERNAL,Bydlení,BYDLENÍ,,True
nds-main-v01|0Tc9zsSD13XOnX1mp7R1nD,nds-main-v01,0Tc9zsSD13XOnX1mp7R1nD,3680,IfcSpace,BYDLENÍ,,,INTERNAL,Bydlení,BYDLENÍ,,True
nds-main-v01|3fiJ09VjrFUwKvCGIB9oH5,nds-main-v01,3fiJ09VjrFUwKvCGIB9oH5,3689,IfcSpace,BYDLENÍ,,,INTERNAL,Bydlení,BYDLENÍ,,True
nds-main-v01|1jfqMUfor5X9VvjX0$8t0b,nds-main-v01,1jfqMUfor5X9VvjX0$8t0b,3698,IfcSpace,BYDLENÍ,,,INTERNAL,Bydlení,BYDLENÍ,,True
nds-main-v01|36wJRwgrP7Y9hCv9B2OHkY,nds-main-v01,36wJRwgrP7Y9hCv9B2OHkY,3707,IfcSpace,BYDLENÍ,,,INTERNAL,Bydlení,BYDLENÍ,,True
nds-main-v01|2OJQY$9c92f9hAAtTnbdm4,nds-main-v01,2OJQY$9c92f9hAAtTnbdm4,3716,IfcSpace,BYDLENÍ,,,INTERNAL,Bydlení,BYDLENÍ,,True
nds-main-v01|3nATqBeKr9HfvNYvYqwGk6,nds-main-v01,3nATqBeKr9HfvNYvYqwGk6,3737,IfcSpace,BYDLENÍ,,,INTERNAL,Bydlení,BYDLENÍ,,True
nds-main-v01|3JM1SDqO92cOS2O$rnix3Q,nds-main-v01,3JM1SDqO92cOS2O$rnix3Q,3763,IfcSpace,BYDLENÍ,,,INTERNAL,Bydlení,BYDLENÍ,,True
nds-main-v01|0EamjVmwnBPQ9yDoUcdvnF,nds-main-v01,0EamjVmwnBPQ9yDoUcdvnF,3745,IfcSpace,BYDLENÍ,,,INTERNAL,Bydlení,BYDLENÍ,,True
nds-main-v01|05lIzn61D4HwOLs2tEsD9a,nds-main-v01,05lIzn61D4HwOLs2tEsD9a,3754,IfcSpace,BYDLENÍ,,,INTERNAL,Bydlení,BYDLENÍ,,True
nds-main-v01|1aMqZrcRXBwu_WPaU0dLpm,nds-main-v01,1aMqZrcRXBwu_WPaU0dLpm,3775,IfcSpace,BYDLENÍ,,,INTERNAL,Bydlení,BYDLENÍ,,True
nds-main-v01|1nevbsYif289L6wrg$CdQP,nds-main-v01,1nevbsYif289L6wrg$CdQP,3784,IfcSpace,BYDLENÍ,,,INTERNAL,Bydlení,BYDLENÍ,,True
nds-main-v01|2P6mhjft17ouheQBmiLDdD,nds-main-v01,2P6mhjft17ouheQBmiLDdD,3773,IfcSpace,BYDLENÍ,,,INTERNAL,Bydlení,BYDLENÍ,,True
nds-main-v01|3dvUnuUFv5mfQZHZcyHaw5,nds-main-v01,3dvUnuUFv5mfQZHZcyHaw5,3793,IfcSpace,BYDLENÍ,,,INTERNAL,Bydlení,BYDLENÍ,,True
nds-main-v01|214Ws9gVX9CRvJ2GkvMFlf,nds-main-v01,214Ws9gVX9CRvJ2GkvMFlf,3801,IfcSpace,BYDLENÍ,,,INTERNAL,Bydlení,BYDLENÍ,,True
nds-main-v01|0ffrK6RVPEsRIDFcyJx3Ft,nds-main-v01,0ffrK6RVPEsRIDFcyJx3Ft,3810,IfcSpace,BYDLENÍ,,,INTERNAL,Bydlení,BYDLENÍ,,True
nds-main-v01|1nnz8gus9FYvetzHtCorEO,nds-main-v01,1nnz8gus9FYvetzHtCorEO,3819,IfcSpace,BYDLENÍ,,,INTERNAL,Bydlení,BYDLENÍ,,True
nds-main-v01|2xYzofNMX4SgbODRlGaewU,nds-main-v01,2xYzofNMX4SgbODRlGaewU,3828,IfcSpace,BYDLENÍ,,,INTERNAL,Bydlení,BYDLENÍ,,True
nds-main-v01|0qyD8tkG9EDxPndPb2G$YH,nds-main-v01,0qyD8tkG9EDxPndPb2G$YH,3837,IfcSpace,BYDLENÍ,,,INTERNAL,Bydlení,BYDLENÍ,,True
nds-main-v01|21T$4geVX1ohvhIHLMhfL7,nds-main-v01,21T$4geVX1ohvhIHLMhfL7,3846,IfcSpace,BYDLENÍ,,,INTERNAL,Bydlení,BYDLENÍ,,True
nds-main-v01|0zmJBKVy58NxLawq_SjajZ,nds-main-v01,0zmJBKVy58NxLawq_SjajZ,3855,IfcSpace,BYDLENÍ,,,INTERNAL,Bydlení,BYDLENÍ,,True
nds-main-v01|1ol9o3TSz2PgORk1MTPZux,nds-main-v01,1ol9o3TSz2PgORk1MTPZux,3873,IfcSpace,BYDLENÍ,,,INTERNAL,Bydlení,BYDLENÍ,,True
nds-main-v01|2o3lFKxzvAiQTD71inRxl5,nds-main-v01,2o3lFKxzvAiQTD71inRxl5,3864,IfcSpace,BYDLENÍ,,,INTERNAL,Bydlení,BYDLENÍ,,True
nds-main-v01|271H35Liv7N8k23vZrsnUS,nds-main-v01,271H35Liv7N8k23vZrsnUS,3882,IfcSpace,BYDLENÍ,,,INTERNAL,Bydlení,BYDLENÍ,,True
nds-main-v01|2MXiYnZ5D7WxmhaYpKShLZ,nds-main-v01,2MXiYnZ5D7WxmhaYpKShLZ,3891,IfcSpace,BYDLENÍ,,,INTERNAL,Bydlení,BYDLENÍ,,True
nds-main-v01|2VLer62rn9Gep5XwS0TDEQ,nds-main-v01,2VLer62rn9Gep5XwS0TDEQ,3900,IfcSpace,BYDLENÍ,,,INTERNAL,Bydlení,BYDLENÍ,,True
nds-main-v01|27rDARf712jvtUo0OWpTFm,nds-main-v01,27rDARf712jvtUo0OWpTFm,3913,IfcSpace,VZDĚLÁVÁNÍ A KULTURA,,,INTERNAL,Vzdělávání a kultura,VZDĚLÁVÁNÍ A KULTURA,,True
nds-main-v01|0VFUYPLRn49fFLohDn3qXO,nds-main-v01,0VFUYPLRn49fFLohDn3qXO,3921,IfcSpace,BYDLENÍ,,,INTERNAL,Bydlení,BYDLENÍ,,True
nds-main-v01|0AogN7_2HFPPl5G5aILSXF,nds-main-v01,0AogN7_2HFPPl5G5aILSXF,3931,IfcSpace,BYDLENÍ,,,INTERNAL,Bydlení,BYDLENÍ,,True
nds-main-v01|2BwKOa7vvAtOfuqNM_vgQR,nds-main-v01,2BwKOa7vvAtOfuqNM_vgQR,3940,IfcSpace,BYDLENÍ,,,INTERNAL,Bydlení,BYDLENÍ,,True
nds-main-v01|1KInjOzOD8c8xNnMqu_YOO,nds-main-v01,1KInjOzOD8c8xNnMqu_YOO,3946,IfcSpace,BYDLENÍ,,,INTERNAL,Bydlení,BYDLENÍ,,True
nds-main-v01|3clKkpTPPAv93Ymj9vLhUx,nds-main-v01,3clKkpTPPAv93Ymj9vLhUx,3957,IfcSpace,BYDLENÍ,,,INTERNAL,Bydlení,BYDLENÍ,,True
nds-main-v01|2AC4l8P617leH9X1IoN1co,nds-main-v01,2AC4l8P617leH9X1IoN1co,3969,IfcSpace,BYDLENÍ,,,INTERNAL,Bydlení,BYDLENÍ,,True
nds-main-v01|2veI9Loln449wXox7qsUtp,nds-main-v01,2veI9Loln449wXox7qsUtp,3970,IfcSpace,BYDLENÍ,,,INTERNAL,Bydlení,BYDLENÍ,,True
nds-main-v01|0rqDRpgHPFFAzx2hq_ie$i,nds-main-v01,0rqDRpgHPFFAzx2hq_ie$i,3981,IfcSpace,BYDLENÍ,,,INTERNAL,Bydlení,BYDLENÍ,,True
nds-main-v01|1T7HhI5Of79gPl406zPSce,nds-main-v01,1T7HhI5Of79gPl406zPSce,3988,IfcSpace,PARKOVÁNÍ,,,INTERNAL,Parkování,PARKOVÁNÍ,,True
nds-main-v01|2Unjfa9Cr29fEMyT5QHJy6,nds-main-v01,2Unjfa9Cr29fEMyT5QHJy6,3997,IfcSpace,BYDLENÍ,,,INTERNAL,Bydlení,BYDLENÍ,,True
nds-main-v01|3TNEK$aob2WRNMPGrHhIuZ,nds-main-v01,3TNEK$aob2WRNMPGrHhIuZ,4019,IfcSpace,BYDLENÍ,,,INTERNAL,Bydlení,BYDLENÍ,,True
nds-main-v01|2lgia2KOjFwOKbTTcxnuTv,nds-main-v01,2lgia2KOjFwOKbTTcxnuTv,4006,IfcSpace,BYDLENÍ,,,INTERNAL,Bydlení,BYDLENÍ,,True
nds-main-v01|3B$Gy8qzn6xgKbjEIbiDdH,nds-main-v01,3B$Gy8qzn6xgKbjEIbiDdH,4032,IfcSpace,BYDLENÍ,,,INTERNAL,Bydlení,BYDLENÍ,,True
nds-main-v01|09JokTXGv6iQYYzE4AtrRJ,nds-main-v01,09JokTXGv6iQYYzE4AtrRJ,4043,IfcSpace,PARKOVÁNÍ,,,INTERNAL,Parkování,PARKOVÁNÍ,,True
nds-main-v01|3NwZjPeY98_xxagmOXG$AQ,nds-main-v01,3NwZjPeY98_xxagmOXG$AQ,4056,IfcSpace,PARKOVÁNÍ,,,INTERNAL,Parkování,PARKOVÁNÍ,,True
nds-main-v01|0JniWJ9oP3rAhMbOACSmUg,nds-main-v01,0JniWJ9oP3rAhMbOACSmUg,4067,IfcSpace,PARKOVÁNÍ,,,INTERNAL,Parkování,PARKOVÁNÍ,,True
nds-main-v01|2ga9zHdnP7bRXsh$BH0gjL,nds-main-v01,2ga9zHdnP7bRXsh$BH0gjL,4078,IfcSpace,PARKOVÁNÍ,,,INTERNAL,Parkování,PARKOVÁNÍ,,True
nds-main-v01|3T9cxT$VH10RFCIqfZt8zE,nds-main-v01,3T9cxT$VH10RFCIqfZt8zE,4087,IfcSpace,BYDLENÍ,,,INTERNAL,Bydlení,BYDLENÍ,,True
nds-main-v01|2IH60ATIz4o9OfimDPp7fp,nds-main-v01,2IH60ATIz4o9OfimDPp7fp,4096,IfcSpace,BYDLENÍ,,,INTERNAL,Bydlení,BYDLENÍ,,True
nds-main-v01|2zG_NYlj990hxry41ak4Q_,nds-main-v01,2zG_NYlj990hxry41ak4Q_,4105,IfcSpace,BYDLENÍ,,,INTERNAL,Bydlení,BYDLENÍ,,True
nds-main-v01|1cHqChK$v8vg5JBKOV$ldD,nds-main-v01,1cHqChK$v8vg5JBKOV$ldD,4114,IfcSpace,BYDLENÍ,,,INTERNAL,Bydlení,BYDLENÍ,,True
nds-main-v01|1c_Ndmv39E9fNsMoHjiyZi,nds-main-v01,1c_Ndmv39E9fNsMoHjiyZi,4123,IfcSpace,BYDLENÍ,,,INTERNAL,Bydlení,BYDLENÍ,,True
nds-main-v01|3DR2Ho4unE1fzNTaGHXqrl,nds-main-v01,3DR2Ho4unE1fzNTaGHXqrl,4132,IfcSpace,RETAIL,,,INTERNAL,Retail,RETAIL,,True
nds-main-v01|18uT4w5D92ygysi$OiWk2i,nds-main-v01,18uT4w5D92ygysi$OiWk2i,4141,IfcSpace,BYDLENÍ,,,INTERNAL,Bydlení,BYDLENÍ,,True
nds-main-v01|1vMCUZpeX3_86zN78lKW2z,nds-main-v01,1vMCUZpeX3_86zN78lKW2z,4150,IfcSpace,BYDLENÍ,,,INTERNAL,Bydlení,BYDLENÍ,,True
nds-main-v01|1CeTcIYljAUx1RBt8zVWg9,nds-main-v01,1CeTcIYljAUx1RBt8zVWg9,4159,IfcSpace,BYDLENÍ,,,INTERNAL,Bydlení,BYDLENÍ,,True
nds-main-v01|2kXn$GFEr7eRGuq_05WAUX,nds-main-v01,2kXn$GFEr7eRGuq_05WAUX,4179,IfcSpace,BYDLENÍ,,,INTERNAL,Bydlení,BYDLENÍ,,True
nds-main-v01|2p6y_BZlzEIRFSlwH_$yad,nds-main-v01,2p6y_BZlzEIRFSlwH_$yad,4170,IfcSpace,BYDLENÍ,,,INTERNAL,Bydlení,BYDLENÍ,,True
nds-main-v01|0NILXw$qHBlxl$8EGvBFjA,nds-main-v01,0NILXw$qHBlxl$8EGvBFjA,4188,IfcSpace,BYDLENÍ,,,INTERNAL,Bydlení,BYDLENÍ,,True
nds-main-v01|0PTnSHhiX0s9u3oyt$qWTW,nds-main-v01,0PTnSHhiX0s9u3oyt$qWTW,4197,IfcSpace,BYDLENÍ,,,INTERNAL,Bydlení,BYDLENÍ,,True
nds-main-v01|3sCGZ3eRz5Ff06M2nf5mkx,nds-main-v01,3sCGZ3eRz5Ff06M2nf5mkx,4206,IfcSpace,BYDLENÍ,,,INTERNAL,Bydlení,BYDLENÍ,,True
nds-main-v01|0Na3$JTPj6kRt9NlviLMv3,nds-main-v01,0Na3$JTPj6kRt9NlviLMv3,4215,IfcSpace,BYDLENÍ,,,INTERNAL,Bydlení,BYDLENÍ,,True
nds-main-v01|3zC44pK6vCJOxxLzDfcDYL,nds-main-v01,3zC44pK6vCJOxxLzDfcDYL,4224,IfcSpace,BYDLENÍ,,,INTERNAL,Bydlení,BYDLENÍ,,True
nds-main-v01|1aDhyJNqzDbR1xssbUz2ua,nds-main-v01,1aDhyJNqzDbR1xssbUz2ua,4246,IfcSpace,BYDLENÍ,,,INTERNAL,Bydlení,BYDLENÍ,,True
nds-main-v01|1zovswzEf9_Q_yINCyFCvW,nds-main-v01,1zovswzEf9_Q_yINCyFCvW,4255,IfcSpace,BYDLENÍ,,,INTERNAL,Bydlení,BYDLENÍ,,True
nds-main-v01|3$9fcpZvP5Lw4Tz_dE8xeu,nds-main-v01,3$9fcpZvP5Lw4Tz_dE8xeu,4264,IfcSpace,BYDLENÍ,,,INTERNAL,Bydlení,BYDLENÍ,,True
nds-main-v01|3wPvgMHAr3ufJ5hUol04mt,nds-main-v01,3wPvgMHAr3ufJ5hUol04mt,4273,IfcSpace,BYDLENÍ,,,INTERNAL,Bydlení,BYDLENÍ,,True
nds-main-v01|0Xk7kgntj4OvCP5MySgAcJ,nds-main-v01,0Xk7kgntj4OvCP5MySgAcJ,4237,IfcSpace,BYDLENÍ,,,INTERNAL,Bydlení,BYDLENÍ,,True
nds-main-v01|2nUquWs$H8LPMPsSaCTxio,nds-main-v01,2nUquWs$H8LPMPsSaCTxio,4282,IfcSpace,BYDLENÍ,,,INTERNAL,Bydlení,BYDLENÍ,,True
nds-main-v01|2GtSjAf0zDqe1yLbh9TI$4,nds-main-v01,2GtSjAf0zDqe1yLbh9TI$4,4291,IfcSpace,BYDLENÍ,,,INTERNAL,Bydlení,BYDLENÍ,,True
nds-main-v01|1JqeBks0DE7B0PY8ISiYFf,nds-main-v01,1JqeBks0DE7B0PY8ISiYFf,4300,IfcSpace,BYDLENÍ,,,INTERNAL,Bydlení,BYDLENÍ,,True
nds-main-v01|2V_LF690f8zeg_GMycGShk,nds-main-v01,2V_LF690f8zeg_GMycGShk,4313,IfcSpace,BYDLENÍ,,,INTERNAL,Bydlení,BYDLENÍ,,True
nds-main-v01|1cSaa_MqLE8uoHdLe2ng9Q,nds-main-v01,1cSaa_MqLE8uoHdLe2ng9Q,4324,IfcSpace,BYDLENÍ,,,INTERNAL,Bydlení,BYDLENÍ,,True
nds-main-v01|2_flPjH196J8d3zmS8WUvQ,nds-main-v01,2_flPjH196J8d3zmS8WUvQ,4347,IfcSpace,BYDLENÍ,,,INTERNAL,Bydlení,BYDLENÍ,,True
nds-main-v01|396XkYkH14Tw_b6JvLaqWJ,nds-main-v01,396XkYkH14Tw_b6JvLaqWJ,4356,IfcSpace,BYDLENÍ,,,INTERNAL,Bydlení,BYDLENÍ,,True
nds-main-v01|0_a6RT6OrEARIb1Vt4y7VX,nds-main-v01,0_a6RT6OrEARIb1Vt4y7VX,4365,IfcSpace,BYDLENÍ,,,INTERNAL,Bydlení,BYDLENÍ,,True
nds-main-v01|10lbY5bdTBifrzfqK9a8RF,nds-main-v01,10lbY5bdTBifrzfqK9a8RF,4374,IfcSpace,BYDLENÍ,,,INTERNAL,Bydlení,BYDLENÍ,,True
nds-main-v01|1IxYjMxb1DU9Q9s4FFW5DX,nds-main-v01,1IxYjMxb1DU9Q9s4FFW5DX,4383,IfcSpace,BYDLENÍ,,,INTERNAL,Bydlení,BYDLENÍ,,True
nds-main-v01|09MsVmZoj0Pg4G_E_e1mKe,nds-main-v01,09MsVmZoj0Pg4G_E_e1mKe,4385,IfcSpace,BYDLENÍ,,,INTERNAL,Bydlení,BYDLENÍ,,True
nds-main-v01|1s3zOHvlDAxgjhYfbIFaSN,nds-main-v01,1s3zOHvlDAxgjhYfbIFaSN,4401,IfcSpace,BYDLENÍ,,,INTERNAL,Bydlení,BYDLENÍ,,True
nds-main-v01|07u0rr_uL4$uSrrhFJoTzF,nds-main-v01,07u0rr_uL4$uSrrhFJoTzF,4411,IfcSpace,BYDLENÍ,,,INTERNAL,Bydlení,BYDLENÍ,,True
nds-main-v01|2qkq6SHf995uTvb3hIoCr2,nds-main-v01,2qkq6SHf995uTvb3hIoCr2,4420,IfcSpace,BYDLENÍ,,,INTERNAL,Bydlení,BYDLENÍ,,True
nds-main-v01|1M6UZH0uHBSe4542rx81wm,nds-main-v01,1M6UZH0uHBSe4542rx81wm,4429,IfcSpace,BYDLENÍ,,,INTERNAL,Bydlení,BYDLENÍ,,True
nds-main-v01|2XEhZTUcrC_PKSV9T8O4Oo,nds-main-v01,2XEhZTUcrC_PKSV9T8O4Oo,4438,IfcSpace,BYDLENÍ,,,INTERNAL,Bydlení,BYDLENÍ,,True
nds-main-v01|0xItjlpRT11Pi1ehnAi7Ey,nds-main-v01,0xItjlpRT11Pi1ehnAi7Ey,4447,IfcSpace,BYDLENÍ,,,INTERNAL,Bydlení,BYDLENÍ,,True
nds-main-v01|00uocsF3z6evRfMS7k8$GT,nds-main-v01,00uocsF3z6evRfMS7k8$GT,4448,IfcSpace,BYDLENÍ,,,INTERNAL,Bydlení,BYDLENÍ,,True
nds-main-v01|2Xmw3bgof2JALrxs7Z38YK,nds-main-v01,2Xmw3bgof2JALrxs7Z38YK,4473,IfcSpace,BYDLENÍ,,,INTERNAL,Bydlení,BYDLENÍ,,True
nds-main-v01|3FABFJqon0NhRKrXaulmwF,nds-main-v01,3FABFJqon0NhRKrXaulmwF,4474,IfcSpace,BYDLENÍ,,,INTERNAL,Bydlení,BYDLENÍ,,True
nds-main-v01|2LaCpQQ2rAPfLI75bf8vPP,nds-main-v01,2LaCpQQ2rAPfLI75bf8vPP,4485,IfcSpace,BYDLENÍ,,,INTERNAL,Bydlení,BYDLENÍ,,True
nds-main-v01|3oe5vebWz3qA1Oj11KaIpf,nds-main-v01,3oe5vebWz3qA1Oj11KaIpf,4500,IfcSpace,BYDLENÍ,,,INTERNAL,Bydlení,BYDLENÍ,,True
nds-main-v01|1$Q$1nvifDn8Etr2XbzYgX,nds-main-v01,1$Q$1nvifDn8Etr2XbzYgX,4503,IfcSpace,BYDLENÍ,,,INTERNAL,Bydlení,BYDLENÍ,,True
nds-main-v01|21KCg1TlX6vvLHF6dqdwk7,nds-main-v01,21KCg1TlX6vvLHF6dqdwk7,4504,IfcSpace,BYDLENÍ,,,INTERNAL,Bydlení,BYDLENÍ,,True
nds-main-v01|2x7c22wML8JOmFQhN43E9q,nds-main-v01,2x7c22wML8JOmFQhN43E9q,4512,IfcSpace,BYDLENÍ,,,INTERNAL,Bydlení,BYDLENÍ,,True
nds-main-v01|0rIn9Q6Fb6IwBVa2d89pxb,nds-main-v01,0rIn9Q6Fb6IwBVa2d89pxb,4521,IfcSpace,BYDLENÍ,,,INTERNAL,Bydlení,BYDLENÍ,,True
nds-main-v01|0tfaFBMt1FXBL2yNIe5be4,nds-main-v01,0tfaFBMt1FXBL2yNIe5be4,4530,IfcSpace,BYDLENÍ,,,INTERNAL,Bydlení,BYDLENÍ,,True
nds-main-v01|2kllSLQRj6MhGrKPEnzNfJ,nds-main-v01,2kllSLQRj6MhGrKPEnzNfJ,4539,IfcSpace,BYDLENÍ,,,INTERNAL,Bydlení,BYDLENÍ,,True
nds-main-v01|1Ry$y4rML5geoYAiaPPt6i,nds-main-v01,1Ry$y4rML5geoYAiaPPt6i,4548,IfcSpace,BYDLENÍ,,,INTERNAL,Bydlení,BYDLENÍ,,True
nds-main-v01|2ymkhxbe1DggvepdSM_x_p,nds-main-v01,2ymkhxbe1DggvepdSM_x_p,4557,IfcSpace,BYDLENÍ,,,INTERNAL,Bydlení,BYDLENÍ,,True
nds-main-v01|3irxQnNZnEv8i0D1jf2gO$,nds-main-v01,3irxQnNZnEv8i0D1jf2gO$,4566,IfcSpace,BYDLENÍ,,,INTERNAL,Bydlení,BYDLENÍ,,True
nds-main-v01|1$_4RPxob3nRPdInDuf6xn,nds-main-v01,1$_4RPxob3nRPdInDuf6xn,4577,IfcSpace,RETAIL,,,INTERNAL,Retail,RETAIL,,True
nds-main-v01|08cLLCHyz7sBXgm4z1$819,nds-main-v01,08cLLCHyz7sBXgm4z1$819,4604,IfcSpace,BYDLENÍ,,,INTERNAL,Bydlení,BYDLENÍ,,True
nds-main-v01|0QYeqNyWH83PDqPDql_udZ,nds-main-v01,0QYeqNyWH83PDqPDql_udZ,4613,IfcSpace,BYDLENÍ,,,INTERNAL,Bydlení,BYDLENÍ,,True
nds-main-v01|3b5iJpFHHF2Py7KkXv3YiQ,nds-main-v01,3b5iJpFHHF2Py7KkXv3YiQ,4622,IfcSpace,BYDLENÍ,,,INTERNAL,Bydlení,BYDLENÍ,,True
nds-main-v01|2$GdW9MA97juSkYXdAEuRb,nds-main-v01,2$GdW9MA97juSkYXdAEuRb,4631,IfcSpace,BYDLENÍ,,,INTERNAL,Bydlení,BYDLENÍ,,True
nds-main-v01|3EPtpxm6HCW9BozS$ln7SK,nds-main-v01,3EPtpxm6HCW9BozS$ln7SK,4640,IfcSpace,BYDLENÍ,,,INTERNAL,Bydlení,BYDLENÍ,,True
nds-main-v01|3EN$a2sfvBoReJZAXzAbFP,nds-main-v01,3EN$a2sfvBoReJZAXzAbFP,4649,IfcSpace,BYDLENÍ,,,INTERNAL,Bydlení,BYDLENÍ,,True
nds-main-v01|3G9M6O3A19Mx$eLe0GEDsM,nds-main-v01,3G9M6O3A19Mx$eLe0GEDsM,4658,IfcSpace,BYDLENÍ,,,INTERNAL,Bydlení,BYDLENÍ,,True
nds-main-v01|39AtUZH092BRvAdcyu36Q4,nds-main-v01,39AtUZH092BRvAdcyu36Q4,4667,IfcSpace,BYDLENÍ,,,INTERNAL,Bydlení,BYDLENÍ,,True
nds-main-v01|0K8BoirzvESwoLkv3yZclk,nds-main-v01,0K8BoirzvESwoLkv3yZclk,4676,IfcSpace,BYDLENÍ,,,INTERNAL,Bydlení,BYDLENÍ,,True
nds-main-v01|0sbBpbXqP0lhhmmAksoPk9,nds-main-v01,0sbBpbXqP0lhhmmAksoPk9,4685,IfcSpace,BYDLENÍ,,,INTERNAL,Bydlení,BYDLENÍ,,True
nds-main-v01|2PXMY1WKHCwPTUdLKkYRpV,nds-main-v01,2PXMY1WKHCwPTUdLKkYRpV,4694,IfcSpace,BYDLENÍ,,,INTERNAL,Bydlení,BYDLENÍ,,True
nds-main-v01|3VFLx1ULrCuOcAdGnrggma,nds-main-v01,3VFLx1ULrCuOcAdGnrggma,4703,IfcSpace,RETAIL,,,INTERNAL,Retail,RETAIL,,True
nds-main-v01|04so5d4J1ElvGFQRgxtF3b,nds-main-v01,04so5d4J1ElvGFQRgxtF3b,4712,IfcSpace,BYDLENÍ,,,INTERNAL,Bydlení,BYDLENÍ,,True
nds-main-v01|263gE2QQD8Pey54xk50oC5,nds-main-v01,263gE2QQD8Pey54xk50oC5,4721,IfcSpace,BYDLENÍ,,,INTERNAL,Bydlení,BYDLENÍ,,True
nds-main-v01|2skc5$CJz3UPoBpJy5x6P4,nds-main-v01,2skc5$CJz3UPoBpJy5x6P4,4384,IfcSpace,BYDLENÍ,,,INTERNAL,Bydlení,BYDLENÍ,,True
nds-main-v01|2oGH5Gpzr89AcnFSafcN_X,nds-main-v01,2oGH5Gpzr89AcnFSafcN_X,4731,IfcSpace,BYDLENÍ,,,INTERNAL,Bydlení,BYDLENÍ,,True
nds-main-v01|1MU25A7eX1Kvgz$Gfs__dg,nds-main-v01,1MU25A7eX1Kvgz$Gfs__dg,4749,IfcSpace,BYDLENÍ,,,INTERNAL,Bydlení,BYDLENÍ,,True
nds-main-v01|0ExvKtupT6w8ljOFK7o$qf,nds-main-v01,0ExvKtupT6w8ljOFK7o$qf,4766,IfcSpace,BYDLENÍ,,,INTERNAL,Bydlení,BYDLENÍ,,True
nds-main-v01|2U03AQPWzEwPviwRiPs3NL,nds-main-v01,2U03AQPWzEwPviwRiPs3NL,4776,IfcSpace,BYDLENÍ,,,INTERNAL,Bydlení,BYDLENÍ,,True
nds-main-v01|0T8$VTeSLApRB6HWAVmMxf,nds-main-v01,0T8$VTeSLApRB6HWAVmMxf,4777,IfcSpace,BYDLENÍ,,,INTERNAL,Bydlení,BYDLENÍ,,True
nds-main-v01|2gqVWNp6XCPwarxGhVR1D_,nds-main-v01,2gqVWNp6XCPwarxGhVR1D_,4775,IfcSpace,BYDLENÍ,,,INTERNAL,Bydlení,BYDLENÍ,,True
nds-main-v01|2PEWWCThjEEB4C2eAM26hF,nds-main-v01,2PEWWCThjEEB4C2eAM26hF,4812,IfcSpace,BYDLENÍ,,,INTERNAL,Bydlení,BYDLENÍ,,True
nds-main-v01|0ABbJwNWnAwv0C_mKPWzqd,nds-main-v01,0ABbJwNWnAwv0C_mKPWzqd,4821,IfcSpace,BYDLENÍ,,,INTERNAL,Bydlení,BYDLENÍ,,True
nds-main-v01|0PuXxBAR18eubnBXKhIVGR,nds-main-v01,0PuXxBAR18eubnBXKhIVGR,4803,IfcSpace,BYDLENÍ,,,INTERNAL,Bydlení,BYDLENÍ,,True
nds-main-v01|0zAFNBQ_n3jOyOW1MyAUaV,nds-main-v01,0zAFNBQ_n3jOyOW1MyAUaV,4830,IfcSpace,BYDLENÍ,,,INTERNAL,Bydlení,BYDLENÍ,,True
nds-main-v01|1FUQ1nMnn4XeDjTD5FOCOD,nds-main-v01,1FUQ1nMnn4XeDjTD5FOCOD,4836,IfcSpace,BYDLENÍ,,,INTERNAL,Bydlení,BYDLENÍ,,True
nds-main-v01|2AOOw8OYfEOuNq1fqhtcBp,nds-main-v01,2AOOw8OYfEOuNq1fqhtcBp,4848,IfcSpace,BYDLENÍ,,,INTERNAL,Bydlení,BYDLENÍ,,True
nds-main-v01|1Hlr4Dtnz3RO68fwXKgqT2,nds-main-v01,1Hlr4Dtnz3RO68fwXKgqT2,4866,IfcSpace,BYDLENÍ,,,INTERNAL,Bydlení,BYDLENÍ,,True
nds-main-v01|1pXd7OUBD33eMud9Q1D3Wt,nds-main-v01,1pXd7OUBD33eMud9Q1D3Wt,4863,IfcSpace,BYDLENÍ,,,INTERNAL,Bydlení,BYDLENÍ,,True
nds-main-v01|3H2$74ptbEUAjBPLfBGPu3,nds-main-v01,3H2$74ptbEUAjBPLfBGPu3,4881,IfcSpace,BYDLENÍ,,,INTERNAL,Bydlení,BYDLENÍ,,True
nds-main-v01|3UarSWUwr75g5YgGCfsuz9,nds-main-v01,3UarSWUwr75g5YgGCfsuz9,4894,IfcSpace,BYDLENÍ,,,INTERNAL,Bydlení,BYDLENÍ,,True
nds-main-v01|2TKMCH74P0rAWiY0qX5pjG,nds-main-v01,2TKMCH74P0rAWiY0qX5pjG,4926,IfcSpace,BYDLENÍ,,,INTERNAL,Bydlení,BYDLENÍ,,True
nds-main-v01|3m8wwSfaL4b9LrdlfyViG2,nds-main-v01,3m8wwSfaL4b9LrdlfyViG2,4931,IfcSpace,BYDLENÍ,,,INTERNAL,Bydlení,BYDLENÍ,,True
nds-main-v01|1Jg3aWRML2CRZczYmTWsBt,nds-main-v01,1Jg3aWRML2CRZczYmTWsBt,4936,IfcSpace,BYDLENÍ,,,INTERNAL,Bydlení,BYDLENÍ,,True
nds-main-v01|0nzrFfazT5ix_NG9Lbebu8,nds-main-v01,0nzrFfazT5ix_NG9Lbebu8,4972,IfcSpace,BYDLENÍ,,,INTERNAL,Bydlení,BYDLENÍ,,True
nds-main-v01|0K2DEzUu1D_uvV1nnX1xUI,nds-main-v01,0K2DEzUu1D_uvV1nnX1xUI,4980,IfcSpace,BYDLENÍ,,,INTERNAL,Bydlení,BYDLENÍ,,True
nds-main-v01|1qlez8tuj8du3Ob$nANCrg,nds-main-v01,1qlez8tuj8du3Ob$nANCrg,4990,IfcSpace,BYDLENÍ,,,INTERNAL,Bydlení,BYDLENÍ,,True
nds-main-v01|2cSSAEzs93TAk6IQBzmmnT,nds-main-v01,2cSSAEzs93TAk6IQBzmmnT,4999,IfcSpace,BYDLENÍ,,,INTERNAL,Bydlení,BYDLENÍ,,True
nds-main-v01|30vNTydj93zhOG9w$66f0b,nds-main-v01,30vNTydj93zhOG9w$66f0b,5008,IfcSpace,BYDLENÍ,,,INTERNAL,Bydlení,BYDLENÍ,,True
nds-main-v01|2thPeQ4m1CHfMF8wVwUKVg,nds-main-v01,2thPeQ4m1CHfMF8wVwUKVg,5017,IfcSpace,BYDLENÍ,,,INTERNAL,Bydlení,BYDLENÍ,,True
nds-main-v01|1p7XC_czLCUOmai7gQW4le,nds-main-v01,1p7XC_czLCUOmai7gQW4le,5026,IfcSpace,BYDLENÍ,,,INTERNAL,Bydlení,BYDLENÍ,,True
nds-main-v01|1b1EDLvHb07ebb7wTRg6il,nds-main-v01,1b1EDLvHb07ebb7wTRg6il,5035,IfcSpace,BYDLENÍ,,,INTERNAL,Bydlení,BYDLENÍ,,True
nds-main-v01|0K4LQ2PzH7ceT7OhqcC$6p,nds-main-v01,0K4LQ2PzH7ceT7OhqcC$6p,5044,IfcSpace,BYDLENÍ,,,INTERNAL,Bydlení,BYDLENÍ,,True
nds-main-v01|1HHTNTwjT3KxonkWOJFTs9,nds-main-v01,1HHTNTwjT3KxonkWOJFTs9,5053,IfcSpace,BYDLENÍ,,,INTERNAL,Bydlení,BYDLENÍ,,True
nds-main-v01|0TOFO1hwLDSAB8BfExR1fQ,nds-main-v01,0TOFO1hwLDSAB8BfExR1fQ,5066,IfcSpace,BYDLENÍ,,,INTERNAL,Bydlení,BYDLENÍ,,True
nds-main-v01|0fg8SGAsX6xAtCsPi5CVWF,nds-main-v01,0fg8SGAsX6xAtCsPi5CVWF,5075,IfcSpace,BYDLENÍ,,,INTERNAL,Bydlení,BYDLENÍ,,True
nds-main-v01|2iwpPkjan0yRWwZP$9X7Cr,nds-main-v01,2iwpPkjan0yRWwZP$9X7Cr,5084,IfcSpace,BYDLENÍ,,,INTERNAL,Bydlení,BYDLENÍ,,True
nds-main-v01|0DWK2Cuq19SgS9wAsQiCk4,nds-main-v01,0DWK2Cuq19SgS9wAsQiCk4,5093,IfcSpace,BYDLENÍ,,,INTERNAL,Bydlení,BYDLENÍ,,True
nds-main-v01|3$3xPnux5CCuX4Z5zzx6Y8,nds-main-v01,3$3xPnux5CCuX4Z5zzx6Y8,5102,IfcSpace,BYDLENÍ,,,INTERNAL,Bydlení,BYDLENÍ,,True
nds-main-v01|23v92PQgX6tgSi7rbkmMSB,nds-main-v01,23v92PQgX6tgSi7rbkmMSB,5111,IfcSpace,BYDLENÍ,,,INTERNAL,Bydlení,BYDLENÍ,,True
nds-main-v01|0rbnoDYwnCFOJsQSFEzqCi,nds-main-v01,0rbnoDYwnCFOJsQSFEzqCi,5120,IfcSpace,BYDLENÍ,,,INTERNAL,Bydlení,BYDLENÍ,,True
nds-main-v01|2x$eml8gfF$9U9a5LkoceZ,nds-main-v01,2x$eml8gfF$9U9a5LkoceZ,5135,IfcSpace,BYDLENÍ,,,INTERNAL,Bydlení,BYDLENÍ,,True
nds-main-v01|3wVR_mtbHBJgAg1qpuOWK6,nds-main-v01,3wVR_mtbHBJgAg1qpuOWK6,5144,IfcSpace,BYDLENÍ,,,INTERNAL,Bydlení,BYDLENÍ,,True
nds-main-v01|3S6kLkslLEhgnl0hWeMK1s,nds-main-v01,3S6kLkslLEhgnl0hWeMK1s,5153,IfcSpace,BYDLENÍ,,,INTERNAL,Bydlení,BYDLENÍ,,True
nds-main-v01|3h7oTX7Tj1rOO3j6Kxo7t2,nds-main-v01,3h7oTX7Tj1rOO3j6Kxo7t2,5162,IfcSpace,BYDLENÍ,,,INTERNAL,Bydlení,BYDLENÍ,,True
nds-main-v01|2qpLPF_Yr6gvN3DonGowXO,nds-main-v01,2qpLPF_Yr6gvN3DonGowXO,5171,IfcSpace,BYDLENÍ,,,INTERNAL,Bydlení,BYDLENÍ,,True
nds-main-v01|3kMTRUQmH1_8h_7FHJr1MP,nds-main-v01,3kMTRUQmH1_8h_7FHJr1MP,5180,IfcSpace,BYDLENÍ,,,INTERNAL,Bydlení,BYDLENÍ,,True
nds-main-v01|2vRz69sTT3vP1ZNqyF22Zf,nds-main-v01,2vRz69sTT3vP1ZNqyF22Zf,5189,IfcSpace,BYDLENÍ,,,INTERNAL,Bydlení,BYDLENÍ,,True
nds-main-v01|2TmQnZnUv3DfXmC$Ahaq95,nds-main-v01,2TmQnZnUv3DfXmC$Ahaq95,5198,IfcSpace,VZDĚLÁVÁNÍ A KULTURA,,,INTERNAL,Vzdělávání a kultura,VZDĚLÁVÁNÍ A KULTURA,,True
nds-main-v01|28kDAyv8fEURjH$jfwy75X,nds-main-v01,28kDAyv8fEURjH$jfwy75X,5207,IfcSpace,BYDLENÍ,,,INTERNAL,Bydlení,BYDLENÍ,,True
nds-main-v01|2pCsvthjX5K8B57mBxbZCT,nds-main-v01,2pCsvthjX5K8B57mBxbZCT,5216,IfcSpace,BYDLENÍ,,,INTERNAL,Bydlení,BYDLENÍ,,True
nds-main-v01|20_gX7iEHBL9OgkIVr88K8,nds-main-v01,20_gX7iEHBL9OgkIVr88K8,5225,IfcSpace,BYDLENÍ,,,INTERNAL,Bydlení,BYDLENÍ,,True
nds-main-v01|2LyjOP2k9BMxnor5VeUzus,nds-main-v01,2LyjOP2k9BMxnor5VeUzus,5234,IfcSpace,BYDLENÍ,,,INTERNAL,Bydlení,BYDLENÍ,,True
nds-main-v01|2hbocmNWH7z8MH_IQNjark,nds-main-v01,2hbocmNWH7z8MH_IQNjark,5245,IfcSpace,BYDLENÍ,,,INTERNAL,Bydlení,BYDLENÍ,,True
nds-main-v01|1yF$08nBbDmu9EuxORQMsg,nds-main-v01,1yF$08nBbDmu9EuxORQMsg,5254,IfcSpace,BYDLENÍ,,,INTERNAL,Bydlení,BYDLENÍ,,True
nds-main-v01|1kYxFOWlv7Nh8ynDumgvD2,nds-main-v01,1kYxFOWlv7Nh8ynDumgvD2,5263,IfcSpace,BYDLENÍ,,,INTERNAL,Bydlení,BYDLENÍ,,True
nds-main-v01|1KapD$GL9DLg3bk39myrOa,nds-main-v01,1KapD$GL9DLg3bk39myrOa,5272,IfcSpace,BYDLENÍ,,,INTERNAL,Bydlení,BYDLENÍ,,True
nds-main-v01|2hMVb_cyP7XQqgzgQiFOX4,nds-main-v01,2hMVb_cyP7XQqgzgQiFOX4,5281,IfcSpace,BYDLENÍ,,,INTERNAL,Bydlení,BYDLENÍ,,True
nds-main-v01|3ujAbnDsL8G9mhlm4cprOQ,nds-main-v01,3ujAbnDsL8G9mhlm4cprOQ,5290,IfcSpace,BYDLENÍ,,,INTERNAL,Bydlení,BYDLENÍ,,True
nds-main-v01|18$37QEb91$hvj7PjW76fV,nds-main-v01,18$37QEb91$hvj7PjW76fV,5299,IfcSpace,BYDLENÍ,,,INTERNAL,Bydlení,BYDLENÍ,,True
nds-main-v01|3uxjPv26b8jQHyBmNin3OA,nds-main-v01,3uxjPv26b8jQHyBmNin3OA,5308,IfcSpace,BYDLENÍ,,,INTERNAL,Bydlení,BYDLENÍ,,True
nds-main-v01|3mc9EH4ur99gPPWsSFt0g9,nds-main-v01,3mc9EH4ur99gPPWsSFt0g9,5317,IfcSpace,BYDLENÍ,,,INTERNAL,Bydlení,BYDLENÍ,,True
nds-main-v01|2kovuqDLPDEgDpHxxBOKHV,nds-main-v01,2kovuqDLPDEgDpHxxBOKHV,5326,IfcSpace,VZDĚLÁVÁNÍ A KULTURA,,,INTERNAL,Vzdělávání a kultura,VZDĚLÁVÁNÍ A KULTURA,,True
nds-main-v01|0zEJ56c9X4cPj3k1UurEhj,nds-main-v01,0zEJ56c9X4cPj3k1UurEhj,5344,IfcSpace,BYDLENÍ,,,INTERNAL,Bydlení,BYDLENÍ,,True
nds-main-v01|2o5WSLufDDa90vQFpLg8kt,nds-main-v01,2o5WSLufDDa90vQFpLg8kt,5335,IfcSpace,BYDLENÍ,,,INTERNAL,Bydlení,BYDLENÍ,,True
nds-main-v01|3UznJkHf14tQZzvXDYdEAk,nds-main-v01,3UznJkHf14tQZzvXDYdEAk,5353,IfcSpace,BYDLENÍ,,,INTERNAL,Bydlení,BYDLENÍ,,True
nds-main-v01|0mVbycGHf4suSrnECoJECB,nds-main-v01,0mVbycGHf4suSrnECoJECB,5362,IfcSpace,VZDĚLÁVÁNÍ A KULTURA,,,INTERNAL,Vzdělávání a kultura,VZDĚLÁVÁNÍ A KULTURA,,True
nds-main-v01|32$vNL9iDBrhQiMPHTxogk,nds-main-v01,32$vNL9iDBrhQiMPHTxogk,5371,IfcSpace,BYDLENÍ,,,INTERNAL,Bydlení,BYDLENÍ,,True
nds-main-v01|0E4OhjuK9FPAEhZiANY1eG,nds-main-v01,0E4OhjuK9FPAEhZiANY1eG,5380,IfcSpace,BYDLENÍ,,,INTERNAL,Bydlení,BYDLENÍ,,True
nds-main-v01|1qq8JJXtz9RBLALWpaohtE,nds-main-v01,1qq8JJXtz9RBLALWpaohtE,5389,IfcSpace,BYDLENÍ,,,INTERNAL,Bydlení,BYDLENÍ,,True
nds-main-v01|1GDd$d1kL9jfaqx1S7ZpLn,nds-main-v01,1GDd$d1kL9jfaqx1S7ZpLn,5415,IfcSpace,BYDLENÍ,,,INTERNAL,Bydlení,BYDLENÍ,,True
nds-main-v01|1bOBec$Sb6x8HjsbJys6hl,nds-main-v01,1bOBec$Sb6x8HjsbJys6hl,5406,IfcSpace,VZDĚLÁVÁNÍ A KULTURA,,,INTERNAL,Vzdělávání a kultura,VZDĚLÁVÁNÍ A KULTURA,,True
nds-main-v01|0jLZIXhe14NQ5g_tIoR$$M,nds-main-v01,0jLZIXhe14NQ5g_tIoR$$M,5424,IfcSpace,BYDLENÍ,,,INTERNAL,Bydlení,BYDLENÍ,,True
nds-main-v01|2XbJhuwHTCwRTn4npPssqv,nds-main-v01,2XbJhuwHTCwRTn4npPssqv,5433,IfcSpace,BYDLENÍ,,,INTERNAL,Bydlení,BYDLENÍ,,True
nds-main-v01|14W3iw3kb9MuGGhAFYm5rG,nds-main-v01,14W3iw3kb9MuGGhAFYm5rG,5444,IfcSpace,BYDLENÍ,,,INTERNAL,Bydlení,BYDLENÍ,,True
nds-main-v01|3kOE$PJUn9AwDH1ux6WyF7,nds-main-v01,3kOE$PJUn9AwDH1ux6WyF7,5453,IfcSpace,BYDLENÍ,,,INTERNAL,Bydlení,BYDLENÍ,,True
nds-main-v01|1DzUHnl6rCYBV$BFEh_95P,nds-main-v01,1DzUHnl6rCYBV$BFEh_95P,5470,IfcSpace,VZDĚLÁVÁNÍ A KULTURA,,,INTERNAL,Vzdělávání a kultura,VZDĚLÁVÁNÍ A KULTURA,,True
nds-main-v01|1Fa7ri7cfBY8uxV61lnmCf,nds-main-v01,1Fa7ri7cfBY8uxV61lnmCf,5488,IfcSpace,BYDLENÍ,,,INTERNAL,Bydlení,BYDLENÍ,,True
nds-main-v01|2a1hOv3$L6WuwyVbUDkcc5,nds-main-v01,2a1hOv3$L6WuwyVbUDkcc5,5497,IfcSpace,INV,,,INTERNAL,polyfunkční dům 2,INV,,True
nds-main-v01|3PtmDDmY98qPzusPmfeswP,nds-main-v01,3PtmDDmY98qPzusPmfeswP,5523,IfcSpace,BYDLENÍ,,,INTERNAL,Bydlení,BYDLENÍ,,True
nds-main-v01|1bjiwd14123A$69VI1O_Vy,nds-main-v01,1bjiwd14123A$69VI1O_Vy,5532,IfcSpace,BYDLENÍ,,,INTERNAL,Bydlení,BYDLENÍ,,True
nds-main-v01|0j$td9aCvFROp8yuJBdWBt,nds-main-v01,0j$td9aCvFROp8yuJBdWBt,5514,IfcSpace,VZDĚLÁVÁNÍ A KULTURA,,,INTERNAL,Vzdělávání a kultura,VZDĚLÁVÁNÍ A KULTURA,,True
nds-main-v01|2PwTqiSoL5su3y57hLQZW1,nds-main-v01,2PwTqiSoL5su3y57hLQZW1,5550,IfcSpace,BYDLENÍ,,,INTERNAL,Bydlení,BYDLENÍ,,True
nds-main-v01|3Qo2oCZYHDsOY3feHkMZzr,nds-main-v01,3Qo2oCZYHDsOY3feHkMZzr,5541,IfcSpace,BYDLENÍ,,,INTERNAL,Bydlení,BYDLENÍ,,True
nds-main-v01|2osRl1gaDEOwBMiU8coZli,nds-main-v01,2osRl1gaDEOwBMiU8coZli,5559,IfcSpace,BYDLENÍ,,,INTERNAL,Bydlení,BYDLENÍ,,True
nds-main-v01|0ZdHBpG8j3Ou7bYzhJb8sP,nds-main-v01,0ZdHBpG8j3Ou7bYzhJb8sP,5568,IfcSpace,BYDLENÍ,,,INTERNAL,Bydlení,BYDLENÍ,,True
nds-main-v01|1hGwkZqLT3_hLkzVOAHm3Q,nds-main-v01,1hGwkZqLT3_hLkzVOAHm3Q,5577,IfcSpace,BYDLENÍ,,,INTERNAL,Bydlení,BYDLENÍ,,True
nds-main-v01|047gVLZhb2HAZV8agg6FYZ,nds-main-v01,047gVLZhb2HAZV8agg6FYZ,5586,IfcSpace,BYDLENÍ,,,INTERNAL,Bydlení,BYDLENÍ,,True
nds-main-v01|3Zu4WqdIbA2uqGx2s3Bo_S,nds-main-v01,3Zu4WqdIbA2uqGx2s3Bo_S,5595,IfcSpace,BYDLENÍ,,,INTERNAL,Bydlení,BYDLENÍ,,True
nds-main-v01|2y1$0WONf6yhEYMD1KL6vK,nds-main-v01,2y1$0WONf6yhEYMD1KL6vK,5604,IfcSpace,BYDLENÍ,,,INTERNAL,Bydlení,BYDLENÍ,,True
nds-main-v01|0nput6M8zAvPXYVHZ9gqrV,nds-main-v01,0nput6M8zAvPXYVHZ9gqrV,5622,IfcSpace,BYDLENÍ,,,INTERNAL,Bydlení,BYDLENÍ,,True
nds-main-v01|1xLCbCnFH2vuig7Fjzwz6l,nds-main-v01,1xLCbCnFH2vuig7Fjzwz6l,5613,IfcSpace,BYDLENÍ,,,INTERNAL,Bydlení,BYDLENÍ,,True
nds-main-v01|0Ir4AnKJ97WfwF3eN9VeCn,nds-main-v01,0Ir4AnKJ97WfwF3eN9VeCn,5631,IfcSpace,BYDLENÍ,,,INTERNAL,Bydlení,BYDLENÍ,,True
nds-main-v01|3JlyFIh2XFN9K9cu7jcCqw,nds-main-v01,3JlyFIh2XFN9K9cu7jcCqw,5640,IfcSpace,BYDLENÍ,,,INTERNAL,Bydlení,BYDLENÍ,,True
nds-main-v01|24CdF1E0HCX9jz737Y3XLx,nds-main-v01,24CdF1E0HCX9jz737Y3XLx,5649,IfcSpace,BYDLENÍ,,,INTERNAL,Bydlení,BYDLENÍ,,True
nds-main-v01|0KMH9ev5b1ahJNfmKwRgZQ,nds-main-v01,0KMH9ev5b1ahJNfmKwRgZQ,5658,IfcSpace,BYDLENÍ,,,INTERNAL,Bydlení,BYDLENÍ,,True
nds-main-v01|1UXV6kA3jBsROsODkeYdmi,nds-main-v01,1UXV6kA3jBsROsODkeYdmi,5667,IfcSpace,BYDLENÍ,,,INTERNAL,Bydlení,BYDLENÍ,,True
nds-main-v01|1Tndq09hP94OjsSKTRjtY1,nds-main-v01,1Tndq09hP94OjsSKTRjtY1,5676,IfcSpace,BYDLENÍ,,,INTERNAL,Bydlení,BYDLENÍ,,True
nds-main-v01|3GA1lXzEL5MRKLmkGVdrlZ,nds-main-v01,3GA1lXzEL5MRKLmkGVdrlZ,5685,IfcSpace,BYDLENÍ,,,INTERNAL,Bydlení,BYDLENÍ,,True
nds-main-v01|0R0tZZKvnBzORH_Uq0d_jK,nds-main-v01,0R0tZZKvnBzORH_Uq0d_jK,5694,IfcSpace,BYDLENÍ,,,INTERNAL,Bydlení,BYDLENÍ,,True
nds-main-v01|2pLWnBwiD4JhfZ0TDRmCk7,nds-main-v01,2pLWnBwiD4JhfZ0TDRmCk7,5721,IfcSpace,BYDLENÍ,,,INTERNAL,Bydlení,BYDLENÍ,,True
nds-main-v01|2v4vO8QYzB$8DGu0gaCqzp,nds-main-v01,2v4vO8QYzB$8DGu0gaCqzp,5712,IfcSpace,BYDLENÍ,,,INTERNAL,Bydlení,BYDLENÍ,,True
nds-main-v01|05mnYhNz14o8AkAgyigLG_,nds-main-v01,05mnYhNz14o8AkAgyigLG_,5703,IfcSpace,BYDLENÍ,,,INTERNAL,Bydlení,BYDLENÍ,,True
nds-main-v01|2yhN42EZf2UPJ3WiAKrNiz,nds-main-v01,2yhN42EZf2UPJ3WiAKrNiz,5730,IfcSpace,BYDLENÍ,,,INTERNAL,Bydlení,BYDLENÍ,,True
nds-main-v01|10TLy438z1g9Rr0Pg2FXcy,nds-main-v01,10TLy438z1g9Rr0Pg2FXcy,5739,IfcSpace,BYDLENÍ,,,INTERNAL,Bydlení,BYDLENÍ,,True
nds-main-v01|2Ly9$WNVHAJQtUkm4g8nMK,nds-main-v01,2Ly9$WNVHAJQtUkm4g8nMK,5748,IfcSpace,BYDLENÍ,,,INTERNAL,Bydlení,BYDLENÍ,,True
nds-main-v01|2n$Lso4NrB7Qa5tNwpHovm,nds-main-v01,2n$Lso4NrB7Qa5tNwpHovm,5757,IfcSpace,BYDLENÍ,,,INTERNAL,Bydlení,BYDLENÍ,,True
nds-main-v01|3tcX$Ld_X6KOkDvpCcTjfr,nds-main-v01,3tcX$Ld_X6KOkDvpCcTjfr,5766,IfcSpace,RETAIL,,,INTERNAL,Retail,RETAIL,,True
nds-main-v01|1huYWFcy128BUHznMnDsTg,nds-main-v01,1huYWFcy128BUHznMnDsTg,5775,IfcSpace,RETAIL,,,INTERNAL,Retail,RETAIL,,True
nds-main-v01|193tDWeovDex7qh9HkBPfN,nds-main-v01,193tDWeovDex7qh9HkBPfN,5784,IfcSpace,RETAIL,,,INTERNAL,Retail,RETAIL,,True
nds-main-v01|0JxKpVA5P13QkIwtMEwBMZ,nds-main-v01,0JxKpVA5P13QkIwtMEwBMZ,5793,IfcSpace,RETAIL,,,INTERNAL,Retail,RETAIL,,True
nds-main-v01|1jL4kIRGPCkfBcfxUKPzoC,nds-main-v01,1jL4kIRGPCkfBcfxUKPzoC,5804,IfcSpace,BYDLENÍ,,,INTERNAL,Bydlení,BYDLENÍ,,True
nds-main-v01|21pIJmWOX0OfTFtddMoTaJ,nds-main-v01,21pIJmWOX0OfTFtddMoTaJ,5813,IfcSpace,BYDLENÍ,,,INTERNAL,Bydlení,BYDLENÍ,,True
nds-main-v01|0STW0DokL1iwjrDtA9SZsF,nds-main-v01,0STW0DokL1iwjrDtA9SZsF,5822,IfcSpace,BYDLENÍ,,,INTERNAL,Bydlení,BYDLENÍ,,True
nds-main-v01|2Jnni41HbEBOmSSGaEDKSE,nds-main-v01,2Jnni41HbEBOmSSGaEDKSE,5917,IfcSpace,INV,,,INTERNAL,polyfunkční dům 2,INV,,True
nds-main-v01|2fcB$4vu9CVuNrF1W64FSq,nds-main-v01,2fcB$4vu9CVuNrF1W64FSq,5926,IfcSpace,INV,,,INTERNAL,polyfunkční dům 2,INV,,True
nds-main-v01|1YTl2QrRYrHB4MnkGJHW6O,nds-main-v01,1YTl2QrRYrHB4MnkGJHW6O,6047,IfcSpace,PARKOVÁNÍ,,,INTERNAL,Parkování,PARKOVÁNÍ,,True
nds-main-v01|0vQYGq2IbNJgeVCUp_URIX,nds-main-v01,0vQYGq2IbNJgeVCUp_URIX,6065,IfcSpace,PARKOVÁNÍ,,,INTERNAL,Parkování,PARKOVÁNÍ,,True
nds-main-v01|1EtfQ2aW9BWvKr2L9FFSPA,nds-main-v01,1EtfQ2aW9BWvKr2L9FFSPA,6085,IfcSpace,INV,,,INTERNAL,polyfunkční dům 2,INV,,True
nds-main-v01|1su$8TkkH7vBjNHS76lEvf,nds-main-v01,1su$8TkkH7vBjNHS76lEvf,6094,IfcSpace,BYDLENÍ,,,INTERNAL,Bydlení,BYDLENÍ,,True
nds-main-v01|09lejJb_v2yP9dDXa8bp$c,nds-main-v01,09lejJb_v2yP9dDXa8bp$c,6111,IfcSpace,BYDLENÍ,,,INTERNAL,Bydlení,BYDLENÍ,,True
nds-main-v01|11M4765CvFvhTA8b9WRn2i,nds-main-v01,11M4765CvFvhTA8b9WRn2i,6140,IfcSpace,BYDLENÍ,,,INTERNAL,Bydlení,BYDLENÍ,,True
nds-main-v01|2NLBaOPLD5DwfVC7kem18m,nds-main-v01,2NLBaOPLD5DwfVC7kem18m,6149,IfcSpace,BYDLENÍ,,,INTERNAL,Bydlení,BYDLENÍ,,True
nds-main-v01|3Ph0Y_Y0b1axOyXDI8aJc2,nds-main-v01,3Ph0Y_Y0b1axOyXDI8aJc2,6158,IfcSpace,BYDLENÍ,,,INTERNAL,Bydlení,BYDLENÍ,,True
nds-main-v01|0lsmOPXBrANw29ZoPMasVP,nds-main-v01,0lsmOPXBrANw29ZoPMasVP,6167,IfcSpace,BYDLENÍ,,,INTERNAL,Bydlení,BYDLENÍ,,True
nds-main-v01|1BQgVuUwL8nOFD6HYNWf_b,nds-main-v01,1BQgVuUwL8nOFD6HYNWf_b,6176,IfcSpace,BYDLENÍ,,,INTERNAL,Bydlení,BYDLENÍ,,True
nds-main-v01|0byVMogA5EiQ7FMFw34Hci,nds-main-v01,0byVMogA5EiQ7FMFw34Hci,6185,IfcSpace,BYDLENÍ,,,INTERNAL,Bydlení,BYDLENÍ,,True
nds-main-v01|3qiJ5UyQ91Vuz9aCRn$Zox,nds-main-v01,3qiJ5UyQ91Vuz9aCRn$Zox,6196,IfcSpace,RETAIL,,,INTERNAL,Retail,RETAIL,,True
nds-main-v01|1qz9WZ8Jr7Iu_ssh5dyjnH,nds-main-v01,1qz9WZ8Jr7Iu_ssh5dyjnH,6205,IfcSpace,BYDLENÍ,,,INTERNAL,Bydlení,BYDLENÍ,,True
nds-main-v01|3vLnqKEBT1HvoLPn4JDfFf,nds-main-v01,3vLnqKEBT1HvoLPn4JDfFf,6214,IfcSpace,BYDLENÍ,,,INTERNAL,Bydlení,BYDLENÍ,,True
nds-main-v01|0J4ykMU4D9Lwq4sppvzxsX,nds-main-v01,0J4ykMU4D9Lwq4sppvzxsX,6223,IfcSpace,BYDLENÍ,,,INTERNAL,Bydlení,BYDLENÍ,,True
nds-main-v01|3X1SeB3GX6yh5wn4DHLT92,nds-main-v01,3X1SeB3GX6yh5wn4DHLT92,6232,IfcSpace,BYDLENÍ,,,INTERNAL,Bydlení,BYDLENÍ,,True
nds-main-v01|1gXDpLwwX61BVe7vBnzrFf,nds-main-v01,1gXDpLwwX61BVe7vBnzrFf,6241,IfcSpace,BYDLENÍ,,,INTERNAL,Bydlení,BYDLENÍ,,True
nds-main-v01|2zq06ekffD691WjFSH9Z1u,nds-main-v01,2zq06ekffD691WjFSH9Z1u,6301,IfcSpace,BYDLENÍ,,,INTERNAL,Bydlení,BYDLENÍ,,True
nds-main-v01|1yai5i_bz4KwiAQoIw7jVh,nds-main-v01,1yai5i_bz4KwiAQoIw7jVh,6311,IfcSpace,BYDLENÍ,,,INTERNAL,Bydlení,BYDLENÍ,,True
nds-main-v01|1kFsrrwLr818w0R9h8e0gW,nds-main-v01,1kFsrrwLr818w0R9h8e0gW,6320,IfcSpace,RETAIL,,,INTERNAL,Retail,RETAIL,,True
nds-main-v01|1c_3dlqtn4uO9_KzjSoCV_,nds-main-v01,1c_3dlqtn4uO9_KzjSoCV_,6329,IfcSpace,RETAIL,,,INTERNAL,Retail,RETAIL,,True
nds-main-v01|03hOZFPADD2Bgr6tsjWpF$,nds-main-v01,03hOZFPADD2Bgr6tsjWpF$,6350,IfcSpace,BYDLENÍ,,,INTERNAL,Bydlení,BYDLENÍ,,True
nds-main-v01|0Xk1SWY1L0HgsHKQrX8xh6,nds-main-v01,0Xk1SWY1L0HgsHKQrX8xh6,6355,IfcSpace,RETAIL,,,INTERNAL,Retail,RETAIL,,True
nds-main-v01|083rs6Ng193B_bwPUIO7Jv,nds-main-v01,083rs6Ng193B_bwPUIO7Jv,6368,IfcSpace,BYDLENÍ,,,INTERNAL,Bydlení,BYDLENÍ,,True
nds-main-v01|00uYAWMVzAleHM1P31Ns__,nds-main-v01,00uYAWMVzAleHM1P31Ns__,6377,IfcSpace,BYDLENÍ,,,INTERNAL,Bydlení,BYDLENÍ,,True
nds-main-v01|277u8EcZj8yuHoCX9xJPhV,nds-main-v01,277u8EcZj8yuHoCX9xJPhV,6386,IfcSpace,RETAIL,,,INTERNAL,Retail,RETAIL,,True
nds-main-v01|0nYaOJRQz329tJJsjbs5xc,nds-main-v01,0nYaOJRQz329tJJsjbs5xc,6392,IfcSpace,BYDLENÍ,,,INTERNAL,Bydlení,BYDLENÍ,,True
nds-main-v01|2jJ3EEQ6L9$gZYZ38wipp3,nds-main-v01,2jJ3EEQ6L9$gZYZ38wipp3,6401,IfcSpace,BYDLENÍ,,,INTERNAL,Bydlení,BYDLENÍ,,True
nds-main-v01|1d_B1AcUv3Ju1hvK02Wv$e,nds-main-v01,1d_B1AcUv3Ju1hvK02Wv$e,6421,IfcSpace,BYDLENÍ,,,INTERNAL,Bydlení,BYDLENÍ,,True
nds-main-v01|0fLKwiW_L96xIAGVDvGdfe,nds-main-v01,0fLKwiW_L96xIAGVDvGdfe,6430,IfcSpace,RETAIL,,,INTERNAL,Retail,RETAIL,,True
nds-main-v01|1$5AqWANr7fvMuGQXLszWv,nds-main-v01,1$5AqWANr7fvMuGQXLszWv,6439,IfcSpace,BYDLENÍ,,,INTERNAL,Bydlení,BYDLENÍ,,True
nds-main-v01|3UWvtATTD1fw$D9jnzAfGD,nds-main-v01,3UWvtATTD1fw$D9jnzAfGD,6448,IfcSpace,BYDLENÍ,,,INTERNAL,Bydlení,BYDLENÍ,,True
nds-main-v01|1aZa6W3ArACvxk_7g$jhw_,nds-main-v01,1aZa6W3ArACvxk_7g$jhw_,6457,IfcSpace,BYDLENÍ,,,INTERNAL,Bydlení,BYDLENÍ,,True
nds-main-v01|371sw3EEr5POf7MPqCVB$n,nds-main-v01,371sw3EEr5POf7MPqCVB$n,6466,IfcSpace,BYDLENÍ,,,INTERNAL,Bydlení,BYDLENÍ,,True
nds-main-v01|3KBSvR6VbBtwgvpamy0s5N,nds-main-v01,3KBSvR6VbBtwgvpamy0s5N,6484,IfcSpace,BYDLENÍ,,,INTERNAL,Bydlení,BYDLENÍ,,True
nds-main-v01|0bXGDRCorBQuycFLJmfiKg,nds-main-v01,0bXGDRCorBQuycFLJmfiKg,6475,IfcSpace,BYDLENÍ,,,INTERNAL,Bydlení,BYDLENÍ,,True
nds-main-v01|1V4RbldKv9IuYpoOjBWAGt,nds-main-v01,1V4RbldKv9IuYpoOjBWAGt,6494,IfcSpace,RETAIL,,,INTERNAL,Retail,RETAIL,,True
nds-main-v01|3oOyhkxtn6x9q9caUHpC80,nds-main-v01,3oOyhkxtn6x9q9caUHpC80,6485,IfcSpace,BYDLENÍ,,,INTERNAL,Bydlení,BYDLENÍ,,True
nds-main-v01|2zoMggaFfBZf1x99nH5GGi,nds-main-v01,2zoMggaFfBZf1x99nH5GGi,6503,IfcSpace,BYDLENÍ,,,INTERNAL,Bydlení,BYDLENÍ,,True
nds-main-v01|17FnJqtsv60gZhJuHwUvOM,nds-main-v01,17FnJqtsv60gZhJuHwUvOM,6512,IfcSpace,RETAIL,,,INTERNAL,Retail,RETAIL,,True
nds-main-v01|18eHZ7lJX8COxCTCtU0QvW,nds-main-v01,18eHZ7lJX8COxCTCtU0QvW,6521,IfcSpace,BYDLENÍ,,,INTERNAL,Bydlení,BYDLENÍ,,True
nds-main-v01|3PO_Gv7UD7ugm6j7bGFooW,nds-main-v01,3PO_Gv7UD7ugm6j7bGFooW,6530,IfcSpace,BYDLENÍ,,,INTERNAL,Bydlení,BYDLENÍ,,True
nds-main-v01|2UupZNYPbDZvM3azkUYITk,nds-main-v01,2UupZNYPbDZvM3azkUYITk,6539,IfcSpace,BYDLENÍ,,,INTERNAL,Bydlení,BYDLENÍ,,True
nds-main-v01|21C7fQ1j11F8PbmUlFmDp1,nds-main-v01,21C7fQ1j11F8PbmUlFmDp1,6548,IfcSpace,BYDLENÍ,,,INTERNAL,Bydlení,BYDLENÍ,,True
nds-main-v01|0lFol4qvD8iQmVoDfopnQ8,nds-main-v01,0lFol4qvD8iQmVoDfopnQ8,6557,IfcSpace,BYDLENÍ,,,INTERNAL,Bydlení,BYDLENÍ,,True
nds-main-v01|1S9SpOjvf6IA6w5OofgzwB,nds-main-v01,1S9SpOjvf6IA6w5OofgzwB,6566,IfcSpace,BYDLENÍ,,,INTERNAL,Bydlení,BYDLENÍ,,True
nds-main-v01|0cxpc0YcDDWuiXaOshxq_i,nds-main-v01,0cxpc0YcDDWuiXaOshxq_i,6575,IfcSpace,BYDLENÍ,,,INTERNAL,Bydlení,BYDLENÍ,,True
nds-main-v01|0R$Mx6GAD1jA9XjH4UEDRs,nds-main-v01,0R$Mx6GAD1jA9XjH4UEDRs,6584,IfcSpace,BYDLENÍ,,,INTERNAL,Bydlení,BYDLENÍ,,True
nds-main-v01|0dc$AE1092SOt7wWRTBO91,nds-main-v01,0dc$AE1092SOt7wWRTBO91,6593,IfcSpace,BYDLENÍ,,,INTERNAL,Bydlení,BYDLENÍ,,True
nds-main-v01|1i7U910nH0cfS6jRtLsWPZ,nds-main-v01,1i7U910nH0cfS6jRtLsWPZ,6604,IfcSpace,BYDLENÍ,,,INTERNAL,Bydlení,BYDLENÍ,,True
nds-main-v01|1a082F_Tv91QeEbn9Xqixc,nds-main-v01,1a082F_Tv91QeEbn9Xqixc,6613,IfcSpace,BYDLENÍ,,,INTERNAL,Bydlení,BYDLENÍ,,True
nds-main-v01|25xbePyXj4vuLCYPYD6VwF,nds-main-v01,25xbePyXj4vuLCYPYD6VwF,6622,IfcSpace,BYDLENÍ,,,INTERNAL,Bydlení,BYDLENÍ,,True
nds-main-v01|1cudMobPb8ygHCbU5T9Ppk,nds-main-v01,1cudMobPb8ygHCbU5T9Ppk,6631,IfcSpace,BYDLENÍ,,,INTERNAL,Bydlení,BYDLENÍ,,True
nds-main-v01|2QH7BwkFDCFQieml_cE3_m,nds-main-v01,2QH7BwkFDCFQieml_cE3_m,6640,IfcSpace,BYDLENÍ,,,INTERNAL,Bydlení,BYDLENÍ,,True
nds-main-v01|07wwVek3nDbh$PQbxcuVZk,nds-main-v01,07wwVek3nDbh$PQbxcuVZk,6649,IfcSpace,BYDLENÍ,,,INTERNAL,Bydlení,BYDLENÍ,,True
nds-main-v01|3hSHIN7rb6FuBoD709JJ0O,nds-main-v01,3hSHIN7rb6FuBoD709JJ0O,6658,IfcSpace,BYDLENÍ,,,INTERNAL,Bydlení,BYDLENÍ,,True
nds-main-v01|3zF09blOf2wApKk12$32Bc,nds-main-v01,3zF09blOf2wApKk12$32Bc,6673,IfcSpace,BYDLENÍ,,,INTERNAL,Bydlení,BYDLENÍ,,True
nds-main-v01|3X0c7nuevDdOeaTzJZ30kH,nds-main-v01,3X0c7nuevDdOeaTzJZ30kH,6664,IfcSpace,BYDLENÍ,,,INTERNAL,Bydlení,BYDLENÍ,,True
nds-main-v01|0timb2w2jCaOSCqdCwPY82,nds-main-v01,0timb2w2jCaOSCqdCwPY82,6688,IfcSpace,BYDLENÍ,,,INTERNAL,Bydlení,BYDLENÍ,,True
nds-main-v01|3d73muhSDCOwiI5ORXBqBk,nds-main-v01,3d73muhSDCOwiI5ORXBqBk,6689,IfcSpace,BYDLENÍ,,,INTERNAL,Bydlení,BYDLENÍ,,True
nds-main-v01|266ST4R4f258SkGznS3Lgi,nds-main-v01,266ST4R4f258SkGznS3Lgi,6703,IfcSpace,BYDLENÍ,,,INTERNAL,Bydlení,BYDLENÍ,,True
nds-main-v01|3tjz29S7P5ZPOZVD5McMxW,nds-main-v01,3tjz29S7P5ZPOZVD5McMxW,6712,IfcSpace,BYDLENÍ,,,INTERNAL,Bydlení,BYDLENÍ,,True
nds-main-v01|2yzwa3m2525QevsQnedzvM,nds-main-v01,2yzwa3m2525QevsQnedzvM,6714,IfcSpace,BYDLENÍ,,,INTERNAL,Bydlení,BYDLENÍ,,True
nds-main-v01|37skF1ql198huN34M_IK4B,nds-main-v01,37skF1ql198huN34M_IK4B,6723,IfcSpace,BYDLENÍ,,,INTERNAL,Bydlení,BYDLENÍ,,True
nds-main-v01|3QXjM7HTf23f1btw82OoPm,nds-main-v01,3QXjM7HTf23f1btw82OoPm,6724,IfcSpace,BYDLENÍ,,,INTERNAL,Bydlení,BYDLENÍ,,True
nds-main-v01|0uMumqsxHE$x9QrQ$wngmS,nds-main-v01,0uMumqsxHE$x9QrQ$wngmS,6734,IfcSpace,BYDLENÍ,,,INTERNAL,Bydlení,BYDLENÍ,,True
nds-main-v01|1$fbuWB012fPxspYb0q1Go,nds-main-v01,1$fbuWB012fPxspYb0q1Go,6743,IfcSpace,BYDLENÍ,,,INTERNAL,Bydlení,BYDLENÍ,,True
nds-main-v01|3kJ9C0PvT2TRLUR98QXb3K,nds-main-v01,3kJ9C0PvT2TRLUR98QXb3K,6758,IfcSpace,BYDLENÍ,,,INTERNAL,Bydlení,BYDLENÍ,,True
nds-main-v01|2iUkAr_XL7Cvo_KXqRk2kn,nds-main-v01,2iUkAr_XL7Cvo_KXqRk2kn,6779,IfcSpace,BYDLENÍ,,,INTERNAL,Bydlení,BYDLENÍ,,True
nds-main-v01|1A$HqmHX17dOreX$sLTTKk,nds-main-v01,1A$HqmHX17dOreX$sLTTKk,6780,IfcSpace,BYDLENÍ,,,INTERNAL,Bydlení,BYDLENÍ,,True
nds-main-v01|2sS08tle1BphqiqJl3OdbR,nds-main-v01,2sS08tle1BphqiqJl3OdbR,6794,IfcSpace,RETAIL,,,INTERNAL,Retail,RETAIL,,True
nds-main-v01|23m7jH9ePCrQ$KQlUoMcc4,nds-main-v01,23m7jH9ePCrQ$KQlUoMcc4,6798,IfcSpace,RETAIL,,,INTERNAL,Retail,RETAIL,,True
nds-main-v01|0YWjiHBkHAjOV1ojV0pfiL,nds-main-v01,0YWjiHBkHAjOV1ojV0pfiL,6809,IfcSpace,BYDLENÍ,,,INTERNAL,Bydlení,BYDLENÍ,,True
nds-main-v01|2yI$2Hzqz2y86x8PqNmxoA,nds-main-v01,2yI$2Hzqz2y86x8PqNmxoA,6823,IfcSpace,BYDLENÍ,,,INTERNAL,Bydlení,BYDLENÍ,,True
nds-main-v01|0SetzGlVr9LQpq7rAuMHL7,nds-main-v01,0SetzGlVr9LQpq7rAuMHL7,6838,IfcSpace,BYDLENÍ,,,INTERNAL,Bydlení,BYDLENÍ,,True
nds-main-v01|23LauqRpP9NBMb53GEXT0x,nds-main-v01,23LauqRpP9NBMb53GEXT0x,6835,IfcSpace,BYDLENÍ,,,INTERNAL,Bydlení,BYDLENÍ,,True
nds-main-v01|2LFLIN8yXA3ewdrwIlnWXp,nds-main-v01,2LFLIN8yXA3ewdrwIlnWXp,6867,IfcSpace,BYDLENÍ,,,INTERNAL,Bydlení,BYDLENÍ,,True
nds-main-v01|3$rpEsTZDBrh6e6rzl3j1C,nds-main-v01,3$rpEsTZDBrh6e6rzl3j1C,6857,IfcSpace,BYDLENÍ,,,INTERNAL,Bydlení,BYDLENÍ,,True
nds-main-v01|1IVYpqy$n7zOaNh0yrviL8,nds-main-v01,1IVYpqy$n7zOaNh0yrviL8,6877,IfcSpace,BYDLENÍ,,,INTERNAL,Bydlení,BYDLENÍ,,True
nds-main-v01|0Wi8n0iAHEkhsqX6AFhnZb,nds-main-v01,0Wi8n0iAHEkhsqX6AFhnZb,6886,IfcSpace,RETAIL,,,INTERNAL,Retail,RETAIL,,True
nds-main-v01|1ZUBXpwIjFPwXwc_cZVqWz,nds-main-v01,1ZUBXpwIjFPwXwc_cZVqWz,6887,IfcSpace,BYDLENÍ,,,INTERNAL,Bydlení,BYDLENÍ,,True
nds-main-v01|35Nz20dFHDFgazE28izpQG,nds-main-v01,35Nz20dFHDFgazE28izpQG,6896,IfcSpace,BYDLENÍ,,,INTERNAL,Bydlení,BYDLENÍ,,True
nds-main-v01|0FnrnCvir0c9A5m3PcEQ0h,nds-main-v01,0FnrnCvir0c9A5m3PcEQ0h,6905,IfcSpace,BYDLENÍ,,,INTERNAL,Bydlení,BYDLENÍ,,True
nds-main-v01|39mNohWxb6txAHDs2rLQnK,nds-main-v01,39mNohWxb6txAHDs2rLQnK,6916,IfcSpace,BYDLENÍ,,,INTERNAL,Bydlení,BYDLENÍ,,True
nds-main-v01|2UUVTkkC1EpxDd6Jhu3Yg2,nds-main-v01,2UUVTkkC1EpxDd6Jhu3Yg2,6915,IfcSpace,BYDLENÍ,,,INTERNAL,Bydlení,BYDLENÍ,,True
nds-main-v01|1uyQ4pQHHEhwOBW151_zSb,nds-main-v01,1uyQ4pQHHEhwOBW151_zSb,6925,IfcSpace,BYDLENÍ,,,INTERNAL,Bydlení,BYDLENÍ,,True
nds-main-v01|2oqZZ0pnb9rPBL8cuhDg3N,nds-main-v01,2oqZZ0pnb9rPBL8cuhDg3N,6941,IfcSpace,BYDLENÍ,,,INTERNAL,Bydlení,BYDLENÍ,,True
nds-main-v01|3w5e2mZBL2xvtfqNT154ha,nds-main-v01,3w5e2mZBL2xvtfqNT154ha,6952,IfcSpace,BYDLENÍ,,,INTERNAL,Bydlení,BYDLENÍ,,True
nds-main-v01|2TXhxLIkP4vx8temtqPf$f,nds-main-v01,2TXhxLIkP4vx8temtqPf$f,6964,IfcSpace,BYDLENÍ,,,INTERNAL,Bydlení,BYDLENÍ,,True
nds-main-v01|3ozY3uQQH4ARX4xI3$AhlW,nds-main-v01,3ozY3uQQH4ARX4xI3$AhlW,6973,IfcSpace,BYDLENÍ,,,INTERNAL,Bydlení,BYDLENÍ,,True
nds-main-v01|0nHl4GuRvDf8a7FDYQntum,nds-main-v01,0nHl4GuRvDf8a7FDYQntum,6984,IfcSpace,BYDLENÍ,,,INTERNAL,Bydlení,BYDLENÍ,,True
nds-main-v01|3hzn9vKMXEJh_DokEU$yFv,nds-main-v01,3hzn9vKMXEJh_DokEU$yFv,6995,IfcSpace,BYDLENÍ,,,INTERNAL,Bydlení,BYDLENÍ,,True
nds-main-v01|38fRJxj$fA9BQDKegXGS4x,nds-main-v01,38fRJxj$fA9BQDKegXGS4x,7006,IfcSpace,BYDLENÍ,,,INTERNAL,Bydlení,BYDLENÍ,,True
nds-main-v01|2NzoBLwlz79eJ_kM0XXFx6,nds-main-v01,2NzoBLwlz79eJ_kM0XXFx6,7017,IfcSpace,BYDLENÍ,,,INTERNAL,Bydlení,BYDLENÍ,,True
nds-main-v01|0H0unRwmLA6OPdZ_CSks$E,nds-main-v01,0H0unRwmLA6OPdZ_CSks$E,7035,IfcSpace,BYDLENÍ,,,INTERNAL,Bydlení,BYDLENÍ,,True
nds-main-v01|29iaT_eU1A7QlvpUrKJlS0,nds-main-v01,29iaT_eU1A7QlvpUrKJlS0,7026,IfcSpace,BYDLENÍ,,,INTERNAL,Bydlení,BYDLENÍ,,True
nds-main-v01|2vArcfdsXCVQ89VjRv$A7D,nds-main-v01,2vArcfdsXCVQ89VjRv$A7D,7044,IfcSpace,BYDLENÍ,,,INTERNAL,Bydlení,BYDLENÍ,,True
nds-main-v01|1zCYQBuKH2efedFXUUxn4H,nds-main-v01,1zCYQBuKH2efedFXUUxn4H,7064,IfcSpace,BYDLENÍ,,,INTERNAL,Bydlení,BYDLENÍ,,True
nds-main-v01|14y5zjJFn5GQvMRfa8t1w3,nds-main-v01,14y5zjJFn5GQvMRfa8t1w3,7053,IfcSpace,BYDLENÍ,,,INTERNAL,Bydlení,BYDLENÍ,,True
nds-main-v01|20XNC0Y2bBfeebdPZuv3AZ,nds-main-v01,20XNC0Y2bBfeebdPZuv3AZ,7082,IfcSpace,BYDLENÍ,,,INTERNAL,Bydlení,BYDLENÍ,,True
nds-main-v01|0RqDatkFDElBQNX1Tziw6f,nds-main-v01,0RqDatkFDElBQNX1Tziw6f,7091,IfcSpace,BYDLENÍ,,,INTERNAL,Bydlení,BYDLENÍ,,True
nds-main-v01|0FDNLeFmP5EuSZRep90A8l,nds-main-v01,0FDNLeFmP5EuSZRep90A8l,7100,IfcSpace,BYDLENÍ,,,INTERNAL,Bydlení,BYDLENÍ,,True
nds-main-v01|0H8rlh3Yj1zA91nKRSvbO_,nds-main-v01,0H8rlh3Yj1zA91nKRSvbO_,7109,IfcSpace,BYDLENÍ,,,INTERNAL,Bydlení,BYDLENÍ,,True
nds-main-v01|0fHCoNymTC8ghgN6UBJAAx,nds-main-v01,0fHCoNymTC8ghgN6UBJAAx,7120,IfcSpace,INV,,,INTERNAL,polyfunkční dům 2,INV,,True
nds-main-v01|35SjfOYPDFWgPAJwTc_xMy,nds-main-v01,35SjfOYPDFWgPAJwTc_xMy,7138,IfcSpace,BYDLENÍ,,,INTERNAL,Bydlení,BYDLENÍ,,True
nds-main-v01|152QBATcX63QZHmP4z3tCt,nds-main-v01,152QBATcX63QZHmP4z3tCt,7589,IfcSpace,INV,,,INTERNAL,polyfunkční dům 2,INV,,True
nds-main-v01|0bb4ZM1Tv0jfrfNoG_9JG0,nds-main-v01,0bb4ZM1Tv0jfrfNoG_9JG0,7613,IfcSpace,INV,,,INTERNAL,polyfunkční dům 2,INV,,True
nds-main-v01|0wJEkKz9177QzAkqomz2x7,nds-main-v01,0wJEkKz9177QzAkqomz2x7,7622,IfcSpace,INV,,,INTERNAL,polyfunkční dům 2,INV,,True
nds-main-v01|3f7yxoTU5E982EkSQjX$fo,nds-main-v01,3f7yxoTU5E982EkSQjX$fo,7631,IfcSpace,INV,,,INTERNAL,polyfunkční dům 2,INV,,True
nds-main-v01|2oNIP_f85C58N39cc3Ct3N,nds-main-v01,2oNIP_f85C58N39cc3Ct3N,7640,IfcSpace,INV,,,INTERNAL,polyfunkční dům 2,INV,,True
nds-main-v01|210TQFPer9gfRu9DgjNGw9,nds-main-v01,210TQFPer9gfRu9DgjNGw9,7649,IfcSpace,INV,,,INTERNAL,polyfunkční dům 2,INV,,True
nds-main-v01|3UWP40fnv4Kh$4w12Eskfa,nds-main-v01,3UWP40fnv4Kh$4w12Eskfa,7660,IfcSpace,INV,,,INTERNAL,polyfunkční dům 2,INV,,True
nds-main-v01|2BVYOL5hnBSgn6GCI$gb$P,nds-main-v01,2BVYOL5hnBSgn6GCI$gb$P,7669,IfcSpace,INV,,,INTERNAL,polyfunkční dům 2,INV,,True
nds-main-v01|2evAjrOBP6ChKA9dKP_0M8,nds-main-v01,2evAjrOBP6ChKA9dKP_0M8,7678,IfcSpace,INV,,,INTERNAL,polyfunkční dům 2,INV,,True
nds-main-v01|06Ph5blDj8nPnOUwrjGgDF,nds-main-v01,06Ph5blDj8nPnOUwrjGgDF,7687,IfcSpace,INV,,,INTERNAL,polyfunkční dům 2,INV,,True
nds-main-v01|1i_NDfhhvCS8O4ZOb67lVK,nds-main-v01,1i_NDfhhvCS8O4ZOb67lVK,7698,IfcSpace,INV,,,INTERNAL,polyfunkční dům 2,INV,,True
nds-main-v01|0Y1Qve$_5CxeIv7byUwvF8,nds-main-v01,0Y1Qve$_5CxeIv7byUwvF8,7707,IfcSpace,INV,,,INTERNAL,polyfunkční dům 2,INV,,True
nds-main-v01|0p3r3b8yT3af_L3sKN54$V,nds-main-v01,0p3r3b8yT3af_L3sKN54$V,7720,IfcSpace,INV,,,INTERNAL,polyfunkční dům 2,INV,,True
nds-main-v01|09tYOHcobFb8YJ_D0_cTfw,nds-main-v01,09tYOHcobFb8YJ_D0_cTfw,7729,IfcSpace,INV,,,INTERNAL,polyfunkční dům 2,INV,,True
nds-main-v01|23BaSzWW97zPIxak33CrSd,nds-main-v01,23BaSzWW97zPIxak33CrSd,7738,IfcSpace,INV,,,INTERNAL,polyfunkční dům 2,INV,,True
nds-main-v01|3ijoWJf6bF5PL5miYvJF2C,nds-main-v01,3ijoWJf6bF5PL5miYvJF2C,7749,IfcSpace,INV,,,INTERNAL,polyfunkční dům 2,INV,,True
nds-main-v01|3QVRj4nLn49PwInFbEhBjs,nds-main-v01,3QVRj4nLn49PwInFbEhBjs,7760,IfcSpace,INV,,,INTERNAL,polyfunkční dům 2,INV,,True
nds-main-v01|0aL85PEBDDDuD$YQseecvi,nds-main-v01,0aL85PEBDDDuD$YQseecvi,7773,IfcSpace,INV,,,INTERNAL,polyfunkční dům 2,INV,,True
nds-main-v01|0rvuzYJbz5bezHEaDkcziR,nds-main-v01,0rvuzYJbz5bezHEaDkcziR,8286,IfcSpace,INV,,,INTERNAL,polyfunkční dům 2,INV,,True
nds-main-v01|3ya0sKmRHEIPK0QfLIAOL7,nds-main-v01,3ya0sKmRHEIPK0QfLIAOL7,8336,IfcSpace,INV,,,INTERNAL,polyfunkční dům 2,INV,,True
